,,,3451,Secretariat - Economic Services,
,,,00.090,Secretariat,
,,,18,Department of Space,
97327.0,100200.0,90700,18.00.01,Salaries,115000
0.0,0.0,0,18.00.02,Wages,0
38.0,100.0,20,18.00.03,Overtime Allowance,100
23587.0,20000.0,17000,18.00.06,Medical Treatment,17000
11994.0,14000.0,4000,18.00.11,Domestic Travel Expenses,5000
17444.0,6000.0,500,18.00.12,Foreign Travel Expenses,1000
18970.0,14000.0,10000,18.00.13,Office Expenses,17000
742.0,1200.0,1000,18.00.14,"Rent, Rates & Taxes",1000
300.0,500.0,400,18.00.16,Publications,200
2948.0,3000.0,1200,18.00.20,Other Administrative Expenses,1000
0.0,100.0,0,18.00.21,Supplies & Materials,100
1116.0,1000.0,1000,18.00.24,POL,1000
0.0,100.0,300,18.00.26,Advertising & Publicity,100
258.0,500.0,100,18.00.27,Minor Works,100
332280.0,191500.0,86000,18.00.28,Professional Services,100000
0.0,100.0,0,18.00.30,Other Contractual Services,100
3398.0,9000.0,5000,18.00.31,Grant-in-aid - General,6000
0.0,0.0,0,18.00.32,Contributions,0
0.0,0.0,0,18.00.50,Other Charges,100
,,,18.99,Information Technology,
277.0,300.0,180,18.99.13,Office Expenses,100
0.0,100.0,100,18.99.50,Other Charges,100
510679.0,361700.0,218000,,Total:Department of Space,265000
510679.0,361700.0,218000,,Total:Secretariat,265000
510679.0,361700.0,218000,,Total:Major Head '3451',265000
,,,3402,Space Research,
,,,00.101,Space Technology,
,,,01,Vikram Sarabhai Space Centre,
7016982.0,6892000.0,6641875,01.00.01,Salaries,7729800
2108.0,3000.0,1037,01.00.03,Overtime Allowance,3000
698278.0,600000.0,640225,01.00.06,Medical Treatment,600000
173806.0,170000.0,29639,01.00.11,Domestic Travel Expenses,40000
5630.0,8000.0,1688,01.00.12,Foreign Travel Expenses,3000
751975.0,500000.0,494273,01.00.13,Office Expenses,478360
0.0,100.0,0,01.00.16,Publications,0
49932.0,50000.0,21850,01.00.20,Other Administrative Expenses,39000
701558.0,400000.0,623657,01.00.21,Supplies & Materials,710600
55278.0,60000.0,59165,01.00.24,POL,65000
12152.0,8150.0,5391,01.00.26,Advertising & Publicity,9120
489044.0,370000.0,370045,01.00.27,Minor Works,305300
699489.0,600000.0,625810,01.00.28,Professional Services,675000
775004.0,590500.0,672354,01.00.30,Other Contractual Services,670000
486.0,10000.0,262,01.00.31,Grant-in-aid - General,100
300.0,1250.0,0,01.00.32,Contributions,0
47535.0,40000.0,26239,01.00.34,Scholarships & Stipends,63000
0.0,1000.0,1000,01.00.50,Other Charges - Charged,1000
74357.0,10000.0,19221,,Voted,68000
,,,01.96,Swachhta Action Plan (SAP),
10672.0,140000.0,10000,01.96.27,Minor Works,11000
,,,01.99,Information Technology,
64940.0,20000.0,36169,01.99.13,Office Expenses,28720
0.0,1000.0,0,01.99.50,Other Charges,0
11629526.0,10345000.0,10279900,,Total:Vikram Sarabhai Space Centre,11500000
,1000.0,1000,,Charged,1000
11629526.0,10344000.0,10278900,,Voted,11499000
,,,02,ISRO Inertial Systems Unit,
384.0,500.0,300,02.00.02,Wages,500
19614.0,20000.0,1300,02.00.11,Domestic Travel Expenses,8000
161.0,1500.0,0,02.00.12,Foreign Travel Expenses,500
14989.0,11200.0,5000,02.00.13,Office Expenses,0
2991.0,3800.0,3000,02.00.20,Other Administrative Expenses,3200
212582.0,199000.0,141000,02.00.21,Supplies & Materials,296500
0.0,500.0,400,02.00.24,POL,0
450.0,2000.0,500,02.00.26,Advertising & Publicity,500
26988.0,41000.0,32600,02.00.27,Minor Works,36000
500.0,500.0,700,02.00.28,Professional Services,500
144200.0,137700.0,100000,02.00.30,Other Contractual Services,112800
0.0,0.0,0,02.00.31,Grant-in-aid - General,0
1695.0,3000.0,3900,02.00.50,Other Charges,3500
,,,02.96,Swachhta Action Plan (SAP),
0.0,0.0,0,02.96.27,Minor Works,0
,,,02.99,Information Technology,
9500.0,8000.0,1200,02.99.13,Office Expenses,8000
1000.0,1300.0,100,02.99.50,Other Charges,2000
435054.0,430000.0,290000,,Total:ISRO Inertial Systems Unit,472000
,,,04,Polar Satellite Launch Vehicle - Continuation Project,
80000.0,80000.0,70000,04.00.01,Salaries,75000
29.0,40.0,10,04.00.03,Overtime Allowance,10
12051.0,11350.0,3000,04.00.11,Domestic Travel Expenses,8000
0.0,2000.0,0,04.00.12,Foreign Travel Expenses,0
9933.0,10000.0,4870,04.00.13,Office Expenses,7000
12427.0,10000.0,5000,04.00.20,Other Administrative Expenses,7380
73029.0,1000.0,0,04.00.21,Supplies & Materials,0
1050.0,1500.0,1500,04.00.27,Minor Works,2000
0.0,0.0,0,04.00.28,Professional Services,0
5498.0,4000.0,300,04.00.30,Other Contractual Services,300
398.0,100.0,20,04.00.50,Other Charges,10
,,,04.99,Information Technology,
200.0,10.0,300,04.99.13,Office Expenses,300
194615.0,120000.0,85000,,Total:Polar Satellite Launch Vehicle - Continuation Project,100000
,,,09,Liquid Propulsion Systems Centre,
1874608.0,1888200.0,1900000,09.00.01,Salaries,2120400
7494.0,7800.0,4000,09.00.02,Wages,5000
2199.0,2300.0,600,09.00.03,Overtime Allowance,2300
118967.0,119280.0,120000,09.00.06,Medical Treatment,127500
46257.0,47300.0,5500,09.00.11,Domestic Travel Expenses,25500
4043.0,5000.0,300,09.00.12,Foreign Travel Expenses,5000
259886.0,300000.0,212000,09.00.13,Office Expenses,233700
1300.0,1300.0,1300,09.00.14,"Rent, Rates & Taxes",1400
24603.0,24500.0,19300,09.00.20,Other Administrative Expenses,23500
577299.0,804400.0,259610,09.00.21,Supplies & Materials,640147
32147.0,33000.0,25000,09.00.24,POL,37500
18800.0,19000.0,5000,09.00.26,Advertising & Publicity,9500
118310.0,120000.0,82170,09.00.27,Minor Works,95200
269998.0,290000.0,290000,09.00.28,Professional Services,305850
189904.0,190000.0,70000,09.00.30,Other Contractual Services,160000
119.0,220.0,220,09.00.31,Grant-in-aid - General,250
31480.0,17200.0,16000,09.00.34,Scholarships & Stipends,35000
6000.0,1500.0,1500,09.00.50,Other Charges - Charged,1500
15000.0,12000.0,4100,,Voted,25800
,,,09.96, Swachhta Action Plan (SAP),
5000.0,5000.0,0,09.96.27,Minor Works,0
,,,09.99,Information Technology,
6500.0,6500.0,0,09.99.13,Office Expenses,7500
6000.0,5500.0,0,09.99.50,Other Charges,7500
3615914.0,3900000.0,3016600,,Total:Liquid Propulsion Systems Centre,3870047
6000.0,1500.0,1500,,Charged,1500
3609914.0,3898500.0,3015100,,Voted,3868547
,,,11,Laboratory for Electro-Optics Systems,
360000.0,400000.0,358000,11.00.01,Salaries,410000
0.0,10.0,10,11.00.02,Wages,10
0.0,50.0,50,11.00.03,Overtime Allowance,50
2900.0,2800.0,2800,11.00.06,Medical Treatment,3000
999.0,1500.0,200,11.00.11,Domestic Travel Expenses,1500
624.0,2000.0,300,11.00.12,Foreign Travel Expenses,1000
53890.0,47500.0,42340,11.00.13,Office Expenses,52165
0.0,10.0,10,11.00.14,"Rent, Rates & Taxes",10
0.0,200.0,50,11.00.16,Publications,100
3582.0,4700.0,1313,11.00.20,Other Administrative Expenses,5100
86033.0,80000.0,90200,11.00.21,Supplies & Materials,115100
0.0,0.0,0,11.00.24,POL,200
383.0,500.0,247,11.00.26,Advertising & Publicity,200
,,,11,Laboratory for Electro-Optics Systems,
56992.0,53000.0,46500,11.00.27,Minor Works,45300
71.0,400.0,50,11.00.28,Professional Services,200
22999.0,32000.0,25400,11.00.30,Other Contractual Services,27000
0.0,10.0,10,11.00.31,Grant-in-aid - General,10
0.0,10.0,10,11.00.32,Contributions,10
0.0,10.0,10,11.00.34,Scholarships & Stipends,10
3000.0,2000.0,2000,11.00.50,Other Charges,3935
,,,11.96,Swachhta Action Plan (SAP),
107.0,500.0,100,11.96.27,Minor Works,200
,,,11.99,Information Technology,
8375.0,12500.0,12500,11.99.13,Office Expenses,14500
0.0,300.0,300,11.99.50,Other Charges,400
599955.0,640000.0,582400,,Total:Laboratory for Electro-Optics Systems,680000
,,,25,Satish Dhawan Space Centre - SHAR,
2478560.0,2612200.0,2368300,25.00.01,Salaries,2800000
0.0,100.0,100,25.00.02,Wages,100
1813.0,3000.0,1000,25.00.03,Overtime Allowance,3000
389535.0,360000.0,360000,25.00.06,Medical Treatment,410000
43800.0,52000.0,12000,25.00.11,Domestic Travel Expenses,30000
1998.0,4500.0,1000,25.00.12,Foreign Travel Expenses,1500
773937.0,700000.0,500000,25.00.13,Office Expenses,680000
23174.0,25000.0,10000,25.00.14,"Rent, Rates & Taxes",25000
1588.0,2100.0,400,25.00.16,Publications,1400
87700.0,85000.0,40000,25.00.20,Other Administrative Expenses,80000
512590.0,477100.0,467100,25.00.21,Supplies & Materials,487000
46279.0,50000.0,50000,25.00.24,POL,40000
20728.0,25000.0,500,25.00.26,Advertising & Publicity,10000
407966.0,420000.0,250000,25.00.27,Minor Works,350000
698957.0,620000.0,690000,25.00.28,Professional Services,680000
490063.0,500000.0,400000,25.00.30,Other Contractual Services,381700
500.0,500.0,500,25.00.31,Grant-in-aid - General,500
13948.0,15000.0,21500,25.00.34,Scholarships & Stipends,15000
0.0,500.0,500,25.00.50,Other Charges - Charged,500
12987.0,10000.0,2500,,Voted,36300
2500.0,8000.0,2500,25.96.27,Minor Works,5000
,,,25.99,Information Technology,
39063.0,30000.0,30000,25.99.13,Office Expenses,30000
43093.0,40000.0,40000,25.99.50,Other Charges,40000
6090779.0,6040000.0,5247900,,Total:Satish Dhawan Space Centre - SHAR,6107000
0.0,500.0,500,,Charged,500
6090779.0,6039500.0,5247400,,Voted,6106500
,,,26,"ISRO Telemetry, Tracking & Command Network",
702096.0,800000.0,665000,26.00.01,Salaries,740000
0.0,200.0,200,26.00.02,Wages,200
13.0,100.0,100,26.00.03,Overtime Allowance,100
44999.0,43000.0,43000,26.00.06,Medical Treatment,43000
19361.0,20000.0,2500,26.00.11,Domestic Travel Expenses,10000
17378.0,29000.0,19000,26.00.12,Foreign Travel Expenses,11100
171994.0,150000.0,150000,26.00.13,Office Expenses,150000
3384.0,3700.0,3600,26.00.14,"Rent, Rates & Taxes",4800
358.0,700.0,100,26.00.16,Publications,600
886.0,2600.0,6900,26.00.20,Other Administrative Expenses,2600
30445.0,29700.0,40000,26.00.21,Supplies & Materials,32000
4198.0,4500.0,4500,26.00.24,POL,6000
84.0,2000.0,100,26.00.26,Advertising & Publicity,500
309748.0,250000.0,227600,26.00.27,Minor Works,253300
179477.0,170000.0,210000,26.00.28,Professional Services,180000
429920.0,430000.0,214200,26.00.30,Other Contractual Services,303000
399.0,800.0,800,26.00.31,Grant-in-aid - General,800
5384.0,4000.0,1800,26.00.34,Scholarships & Stipends,5000
0.0,200.0,200,26.00.50,Other Charges - Charged,200
11643.0,2500.0,7400,,Voted,10000
,,,26.96,Swachhta Action Plan (SAP),
406.0,2000.0,1000,26.96.27,Minor Works,2000
,,,26.99,Information Technology,
23737.0,40000.0,24300,26.99.13,Office Expenses,30000
25298.0,35000.0,33300,26.99.50,Other Charges,35000
1981208.0,2020000.0,1655600,,"Total:ISRO Telemetry, Tracking & Command Network",1820200
0.0,200.0,200,,Charged,200
1981208.0,2019800.0,1655400,,Voted,4890000
,,,33,GSLV Continuation Project,
78200.0,90000.0,75000,33.00.01,Salaries,82500
0.0,200.0,50,33.00.03,Overtime Allowance,100
6010.0,7500.0,5000,33.00.11,Domestic Travel Expenses,7500
0.0,3300.0,0,33.00.12,Foreign Travel Expenses,0
2463.0,5000.0,7500,33.00.13,Office Expenses,5000
206261.0,10000.0,10000,33.00.21,Supplies & Materials,10000
129.0,500.0,200,33.00.28,Professional Services,400
2190.0,2500.0,1500,33.00.30,Other Contractual Services,2000
1005.0,1000.0,2450,33.00.50,Other Charges,1000
296258.0,120000.0,101700,,Total:GSLV Continuation Project,108500
,,,38,Navigational Satellite System,
185500.0,195500.0,114590,38.00.01,Salaries,120000
2879.0,5000.0,600,38.00.11,Domestic Travel Expenses,5200
0.0,4000.0,200,38.00.12,Foreign Travel Expenses,5000
1652.0,4000.0,3000,38.00.13,Office Expenses,9500
400.0,3000.0,800,38.00.20,Other Administrative Expenses,7500
10300.0,1000.0,600,38.00.21,Supplies & Materials,15000
100.0,1000.0,200,38.00.26,Advertising & Publicity,600
1160.0,0.0,0,38.00.27,Minor Works,5000
250.0,2000.0,3000,38.00.28,Professional Services,9500
8518.0,4490.0,3000,38.00.30,Other Contractual Services,15000
470.0,10.0,10,38.00.50,Other Charges,2000
211229.0,220000.0,126000,,Total:Navigational Satellite System,194300
,,,39,Semi-conductor Laboratory,
1940000.0,1560000.0,1990000,39.00.31,Grant-in-aid - General,2100000
520000.0,600000.0,539200,39.00.35,Grants for creation of Capital Assets,550000
1140000.0,1000000.0,1080000,39.00.36,Grant-in-aid - Salaries,1280000
3600000.0,3160000.0,3609200,,Total:Semi-conductor Laboratory,3930000
,,,43,Manned Mission Initiatives/Human Space Flight Programme (Gaganyaan),
3950.0,80200.0,3000,43.00.11,Domestic Travel Expenses,20000
8891.0,5000.0,1000,43.00.12,Foreign Travel Expenses,10000
600.0,8000.0,2600,43.00.13,Office Expenses,8000
0.0,100.0,100,43.00.16,Publications,1000
1838.0,5000.0,500,43.00.20,Other Administrative Expenses,5000
0.0,0.0,0,43.00.21,Supplies & Materials,0
0.0,100.0,100,43.00.26,Advertising & Publicity,100
0.0,500.0,500,43.00.27,Minor Works,1000
0.0,0.0,0,43.00.30,Other Contractual Services,13000
0.0,100.0,100,43.00.28,Professional Services,500
200.0,1000.0,100,43.00.50,Other Charges,4000
15479.0,100000.0,8000,,Total:Manned Mission Initiatives/Human Space Flight Programme (Gaganyaan),62600
,,,44,Indian Institute of Space Science & Technology,0
375200.0,380000.0,270000,44.00.31,Grant-in-aid - General,350000
260000.0,230000.0,122000,44.00.35,Grants for creation of Capital Assets,350000
267300.0,290000.0,330000,44.00.36,Grant-in-aid - Salaries,420000
902500.0,900000.0,722000,,Total:Indian Institute of Space Science & Technology,1120000
,,,45,Semi Cryogenic Engine Development,
70000.0,70000.0,0,45.00.01,Salaries,0
5000.0,3000.0,0,45.00.11,Domestic Travel Expenses,3000
0.0,3000.0,0,45.00.12,Foreign Travel Expenses,10000
1000.0,100.0,21,45.00.13,Office Expenses,1000
70500.0,100.0,0,45.00.21,Supplies & Materials,0
3843.0,2000.0,3679,45.00.27,Minor Works,3104
3000.0,1700.0,0,45.00.30,Other Contractual Services,1000
1000.0,100.0,300,45.00.50,Other Charges,134
154343.0,80000.0,4000,,Total:Semi Cryogenic Engine Development,18238
,,,49,Geo-Imaging Satellite,
110000.0,20000.0,20000,49.00.01,Salaries,100
0.0,0.0,0,49.00.03,Overtime Allowance,0
6989.0,1000.0,1000,49.00.11,Domestic Travel Expenses,100
0.0,2000.0,0,49.00.12,Foreign Travel Expenses,0
16000.0,1000.0,1500,49.00.13,Office Expenses,100
4829.0,1000.0,2500,49.00.20,Other Administrative Expenses,100
19998.0,4000.0,1000,49.00.21,Supplies & Materials,0
0.0,0.0,0,49.00.26,Advertising & Publicity,0
14954.0,1000.0,2500,49.00.27,Minor Works,100
228.0,500.0,1000,49.00.28,Professional Services,100
25875.0,5000.0,8000,49.00.30,Other Contractual Services,100
1160.0,500.0,1500,49.00.50,Other Charges,100
200033.0,36000.0,39000,,Total:Geo-Imaging Satellite,800
,,,51,Cartosat-3,
0.0,100.0,0,51.00.03,Overtime Allowance,0
4421.0,6400.0,500,51.00.11,Domestic Travel Expenses,0
369.0,2500.0,1200,51.00.12,Foreign Travel Expenses,0
23596.0,2300.0,2400,51.00.13,Office Expenses,0
1581.0,1500.0,1000,51.00.20,Other Administrative Expenses,0
0.0,0.0,0,51.00.21,Supplies & Materials,0
100.0,1000.0,1000,51.00.26,Advertising & Publicity,0
12287.0,2400.0,1550,51.00.27,Minor Works,0
50.0,1000.0,1000,51.00.28,Professional Services,0
4360.0,4800.0,9120,51.00.30,Other Contractual Services,0
1587.0,2000.0,2230,51.00.50,Other Charges,0
48351.0,24000.0,20000,,Total:Cartosat-3,0
,,,53,RISAT-1A,
2299.0,6400.0,2200,53.00.11,Domestic Travel Expenses,5500
0.0,5000.0,1000,53.00.12,Foreign Travel Expenses,1000
7393.0,7300.0,4300,53.00.13,Office Expenses,3200
5300.0,2500.0,2500,53.00.20,Other Administrative Expenses,2000
13200.0,9700.0,600,53.00.21,Supplies & Materials,0
100.0,1000.0,1000,53.00.26,Advertising & Publicity,1000
12299.0,1500.0,1905,53.00.27,Minor Works,2000
500.0,900.0,1000,53.00.28,Professional Services,900
4000.0,7500.0,12736,53.00.30,Other Contractual Services,8160
700.0,2200.0,759,53.00.50,Other Charges,5000
45791.0,44000.0,28000,,Total:RISAT-1A,28760
,,,54,Oceansat-3 & 3A,
0.0,100.0,0,54.00.03,Overtime Allowance,100
4470.0,8900.0,1000,54.00.11,Domestic Travel Expenses,6600
463.0,7000.0,1000,54.00.12,Foreign Travel Expenses,3000
13595.0,14000.0,4800,54.00.13,Office Expenses,9460
1988.0,3500.0,4500,54.00.20,Other Administrative Expenses,6500
32.0,100.0,0,54.00.21,Supplies & Materials,0
0.0,0.0,0,54.00.26,Advertising & Publicity,1500
6186.0,8000.0,2400,54.00.27,Minor Works,11400
250.0,1000.0,1000,54.00.28,Professional Services,1000
3999.0,6100.0,7300,54.00.30,Other Contractual Services,8960
3745.0,1300.0,1000,54.00.50,Other Charges,19000
34728.0,50000.0,23000,,Total:Oceansat-3 & 3A,67520
,,,55,ISRO Propulsion Complex,
899833.0,920000.0,920000,55.00.01,Salaries,1050000
6230.0,8000.0,6000,55.00.02,Wages,8000
376.0,300.0,250,55.00.03,Overtime Allowance,500
60000.0,50000.0,62500,55.00.06,Medical Treatment,60700
20097.0,20000.0,4000,55.00.11,Domestic Travel Expenses,15000
955.0,2000.0,500,55.00.12,Foreign Travel Expenses,2000
258588.0,300000.0,170000,55.00.13,Office Expenses,280000
37977.0,30000.0,10000,55.00.20,Other Administrative Expenses,30000
671527.0,520000.0,324050,55.00.21,Supplies & Materials,466300
21109.0,28000.0,15000,55.00.24,POL,30000
11985.0,10000.0,5000,55.00.26,Advertising & Publicity,12000
139897.0,134000.0,100000,55.00.27,Minor Works,140500
203992.0,190000.0,205000,55.00.28,Professional Services,220000
159986.0,150000.0,120000,55.00.30,Other Contractual Services,220000
375.0,300.0,300,55.00.31,Grant-in-aid - General,300
10555.0,10000.0,1600,55.00.34,Scholarships & Stipends,10000
0.0,500.0,500,55.00.50,Other Charges - Charged,500
2580.0,3000.0,1000,,Voted,4600
,,,55.96,Swachhta Action Plan (SAP),
3800.0,3900.0,3900,55.96.27,Minor Works,4000
,,,55.99,Information Technology,
11828.0,15000.0,8000,55.99.13,Office Expenses,16500
2147.0,5000.0,2000,55.99.50,Other Charges,5500
2523837.0,2400000.0,1959600,,Total:ISRO Propulsion Complex,2576400
0.0,500.0,500,,Charged,500
2523837.0,9399500.0,4959100,,Voted,2575900
,,,56,Trisonic Wind Tunnel Facility Project,
0.0,300.0,100,56.00.11,Domestic Travel Expenses,150
0.0,100.0,0,56.00.12,Foreign Travel Expenses,100
0.0,50.0,50,56.00.13,Office Expenses,100
0.0,150.0,50,56.00.20,Other Administrative Expenses,150
0.0,50.0,0,56.00.21,Supplies & Materials,100
0.0,0.0,0,56.00.27,Minor Works,0
0.0,100.0,0,56.00.28,Professional Services,100
0.0,100.0,700,56.00.30,Other Contractual Services,100
0.0,100.0,100,56.00.50,Other Charges,150
,,,56.99,Information Technology,
0.0,50.0,0,56.99.50,Other Charges,50
0.0,1000.0,1000,,Total:Trisonic Wind Tunnel Facility Project,1000
,,,58,Risat-1B,
0.0,0.0,0,58.00.03,Overtime Allowance,0
2503.0,5700.0,1000,58.00.11,Domestic Travel Expenses,5500
0.0,5000.0,500,58.00.12,Foreign Travel Expenses,5000
4087.0,3800.0,3000,58.00.13,Office Expenses,7400
1000.0,1000.0,2000,58.00.20,Other Administrative Expenses,2000
950.0,100.0,500,58.00.21,Supplies & Materials,32495
100.0,400.0,1000,58.00.26,Advertising & Publicity,1000
1600.0,500.0,500,58.00.27,Minor Works,2000
20.0,0.0,1500,58.00.28,Professional Services,2400
23898.0,2500.0,6000,58.00.30,Other Contractual Services,8810
400.0,1000.0,500,58.00.50,Other Charges,5000
34558.0,20000.0,16500,,Total:Risat-1B,71605
,,,60,Development of Space Materials & Components,
129015.0,150000.0,107800,60.00.21,Supplies & Materials,150000
129015.0,150000.0,107800,,Total:Development of Space Materials & Components,150000
,,,61,NASA ISRO Synthetic Aperture Radar Mission,
2751.0,7000.0,2500,61.00.11,Domestic Travel Expenses,10000
3650.0,6000.0,20000,61.00.12,Foreign Travel Expenses,21500
6200.0,6500.0,6500,61.00.13,Office Expenses,6800
5699.0,500.0,1500,61.00.20,Other Administrative Expenses,1500
0.0,0.0,0,61.00.21,Supplies & Materials,0
100.0,700.0,0,61.00.26,Advertising & Publicity,700
1976.0,1500.0,500,61.00.27,Minor Works,1500
61.0,700.0,700,61.00.28,Professional Services,700
1195.0,100.0,1300,61.00.30,Other Contractual Services,500
594.0,2000.0,500,61.00.50,Other Charges,3000
22226.0,25000.0,33500,,Total:NASA ISRO Synthetic Aperture Radar Mission,46200
,,,62,Resourcesat-3S & 3SA,
2775.0,7000.0,800,62.00.11,Domestic Travel Expenses,7000
11.0,4000.0,100,62.00.12,Foreign Travel Expenses,3000
20000.0,7000.0,5500,62.00.13,Office Expenses,9300
3500.0,3000.0,4000,62.00.20,Other Administrative Expenses,10500
22700.0,1000.0,500,62.00.21,Supplies & Materials,0
700.0,1000.0,500,62.00.26,Advertising & Publicity,1600
13699.0,5000.0,2600,62.00.27,Minor Works,6500
370.0,1000.0,1300,62.00.28,Professional Services,1500
5137.0,10000.0,11100,62.00.30,Other Contractual Services,18400
1700.0,1000.0,1000,62.00.50,Other Charges,8200
70592.0,40000.0,27400,,Total:Resourcesat-3S & 3SA,66000
,,,63,Master Control Facility,
453765.0,510000.0,417943,63.00.01,Salaries,525000
0.0,100.0,0,63.00.02,Wages,0
122.0,200.0,65,63.00.03,Overtime Allowance,300
19590.0,18000.0,18000,63.00.06,Medical Treatment,20500
4994.0,6800.0,2180,63.00.11,Domestic Travel Expenses,2500
465.0,1000.0,0,63.00.12,Foreign Travel Expenses,400
91390.0,85000.0,92916,63.00.13,Office Expenses,107200
0.0,100.0,0,63.00.14,"Rent, Rates & Taxes",100
5492.0,6000.0,3485,63.00.20,Other Administrative Expenses,4500
18000.0,16300.0,22062,63.00.21,Supplies & Materials,1000
1642.0,2300.0,872,63.00.24,POL,2800
354.0,500.0,50,63.00.26,Advertising & Publicity,300
56015.0,40000.0,51281,63.00.27,Minor Works,59500
164333.0,170000.0,162941,63.00.28,Professional Services,180000
19388.0,20000.0,18000,63.00.30,Other Contractual Services,22500
25.0,100.0,0,63.00.31,Grant-in-aid - General,100
895.0,1300.0,915,63.00.34,Scholarships & Stipends,1300
0.0,100.0,100,63.00.50,Other Charges - Charged,100
1936.0,1200.0,5850,,Voted,8400
,,,63.96,Swachhta Action Plan (SAP),
409.0,1000.0,1350,63.96.27,Minor Works,2800
,,,63.99,Information Technology,
7400.0,5000.0,4730,63.99.13,Office Expenses,5300
5600.0,5000.0,7260,63.99.50,Other Charges,6000
851815.0,890000.0,810000,,Total:Master Control Facility,950600
0.0,100.0,100,,Charged,100
851815.0,889900.8099,,,Voted,950500
,,,64,Indian Space Research Organisation Headquarters,
594899.0,580000.0,585000,64.00.01,Salaries,645700
0.0,100.0,0,64.00.02,Wages,50
283.0,200.0,129,64.00.03,Overtime Allowance,200
85953.0,70000.0,82046,64.00.06,Medical Treatment,75000
27020.0,32000.0,5600,64.00.11,Domestic Travel Expenses,6000
34732.0,41400.0,6000,64.00.12,Foreign Travel Expenses,12000
124052.0,110000.0,94400,64.00.13,Office Expenses,94070
33386.0,22000.0,17100,64.00.14,"Rent, Rates & Taxes",15000
7287.0,10000.0,9500,64.00.16,Publications,5000
63171.0,80000.0,12000,64.00.20,Other Administrative Expenses,35500
59929.0,400.0,400,64.00.21,Supplies & Materials,30500
3975.0,5200.0,2200,64.00.24,POL,3000
20752.0,19000.0,10000,64.00.26,Advertising & Publicity,15000
169261.0,120000.0,115000,64.00.27,Minor Works,123645
62874.0,55000.0,79400,64.00.28,Professional Services,61200
157979.0,140000.0,125000,64.00.30,Other Contractual Services,125000
28546.0,20000.0,7000,64.00.31,Grant-in-aid - General,40000
0.0,100.0,0,64.00.32,Contributions,0
314.0,200.0,735,64.00.34,Scholarships & Stipends,735
0.0,0.0,0,64.00.35,Grants for creation of Capital Assets,100
0.0,200.0,200,64.00.50,Other Charges - Charged,200
173500.0,175000.0,98200,,Voted,110000
,,,64.96,Swachhta Action Plan (SAP),
8000.0,7000.0,7000,64.96.27,Minor Works,5000
,,,64.99,Information Technology,
13561.0,14200.0,1800,64.99.13,Office Expenses,3000
14556.0,15000.0,21790,64.99.50,Other Charges,15000
1684030.0,1517000.0,1273500,,Total:Indian Space Research Organisation Headquarters,1420900
0.0,200.0,200,,Charged,200
1684030.0,1516800.0,1273300,,Voted,1420700
,,,65,Resourcesat-3 & 3A,
28000.0,9500.0,20000,65.00.01,Salaries,10000
1312.0,6100.0,500,65.00.11,Domestic Travel Expenses,5600
0.0,2000.0,100,65.00.12,Foreign Travel Expenses,3000
7895.0,5800.0,4000,65.00.13,Office Expenses,8000
4792.0,6000.0,3100,65.00.20,Other Administrative Expenses,7100
13199.0,1000.0,0,65.00.21,Supplies & Materials,0
100.0,1000.0,500,65.00.26,Advertising & Publicity,1000
4188.0,4000.0,1000,65.00.27,Minor Works,5000
50.0,1500.0,500,65.00.28,Professional Services,1500
25796.0,12100.0,3270,65.00.30,Other Contractual Services,16400
2100.0,1000.0,1030,65.00.50,Other Charges,4700
87432.0,50000.0,34000,,Total:Resourcesat-3 & 3A,62300
,,,66,High Resolution Satellite Constellation,
142000.0,172000.0,99444,66.00.01,Salaries,32000
2280.0,10000.0,1000,66.00.11,Domestic Travel Expenses,6000
0.0,100.0,0,66.00.12,Foreign Travel Expenses,2000
15200.0,4000.0,5000,66.00.13,Office Expenses,5000
1800.0,1800.0,200,66.00.20,Other Administrative Expenses,3900
6043.0,100.0,100,66.00.21,Supplies & Materials,0
100.0,500.0,1000,66.00.26,Advertising & Publicity,1000
2000.0,500.0,1420,66.00.27,Minor Works,2000
100.0,1000.0,1000,66.00.28,Professional Services,1500
2984.0,9000.0,4636,66.00.30,Other Contractual Services,13200
1100.0,1000.0,1800,66.00.50,Other Charges,4800
173607.0,200000.0,115600,,Total:High Resolution Satellite Constellation,71400
,,,67,Semi Cryogenic Stage Development,
0.0,0.0,0,67.00.11,Domestic Travel Expenses,0
0.0,0.0,0,67.00.13,Office Expenses,0
0.0,0.0,0,67.00.20,Other Administrative Expenses,0
13300.0,0.0,0,67.00.21,Supplies & Materials,0
0.0,0.0,0,67.00.27,Minor Works,0
0.0,0.0,0,67.00.28,Professional Services,0
0.0,0.0,0,67.00.30,Other Contractual Services,0
0.0,0.0,0,67.00.50,Other Charges,0
13300.0,0.0,0,,Total:Semi Cryogenic Stage Development,0
,,,68,Semi Cryogenic Engine Clustering,
0.0,0.0,0,68.00.03,Overtime Allowance,0
0.0,0.0,0,68.00.11,Domestic Travel Expenses,0
0.0,0.0,0,68.00.12,Foreign Travel Expenses,0
0.0,0.0,0,68.00.13,Office Expenses,0
0.0,0.0,0,68.00.20,Other Administrative Expenses,0
0.0,0.0,0,68.00.21,Supplies & Materials,0
0.0,0.0,0,68.00.27,Minor Works,0
0.0,0.0,0,68.00.28,Professional Services,0
0.0,0.0,0,68.00.30,Other Contractual Services,0
0.0,0.0,0,68.00.50,Other Charges,0
0.0,0.0,0,,Total:Semi Cryogenic Engine Clustering,0
,,,69,Advanced Launch Vehicle Development,
0.0,0.0,0,69.00.03,Overtime Allowance,0
0.0,0.0,0,69.00.11,Domestic Travel Expenses,0
0.0,0.0,0,69.00.13,Office Expenses,0
0.0,0.0,0,69.00.20,Other Administrative Expenses,0
0.0,0.0,0,69.00.21,Supplies & Materials,0
0.0,0.0,0,69.00.27,Minor Works,0
0.0,0.0,0,69.00.28,Professional Services,0
0.0,0.0,0,69.00.30,Other Contractual Services,0
0.0,0.0,0,69.00.50,Other Charges,0
0.0,0.0,0,,Total:Advanced Launch Vehicle Development,0
,,,70,PSLV Continuation Programme (Phase-6),
18000.0,300000.0,0,70.00.01,Salaries,0
0.0,30.0,10,70.00.03,Overtime Allowance,30
1290.0,20070.0,15,70.00.11,Domestic Travel Expenses,100
500.0,10000.0,0,70.00.13,Office Expenses,500
500.0,10000.0,0,70.00.20,Other Administrative Expenses,500
0.0,1000.0,0,70.00.21,Supplies & Materials,0
0.0,1000.0,50,70.00.27,Minor Works,1000
299.0,500.0,300,70.00.28,Professional Services,500
0.0,1000.0,0,70.00.30,Other Contractual Services,300
400.0,400.0,0,70.00.50,Other Charges,0
,,,70.99,Information Technology,
815.0,500.0,225,70.99.13,Office Expenses,200
21804.0,344500.0,600,,Total:PSLV Continuation Programme (Phase-6),3130
,,,71,GSLV Mk-III Continuation Programme (Phase-1),
5843.0,7000.0,1000,71.00.11,Domestic Travel Expenses,5000
8980.0,0.0,0,71.00.12,Foreign Travel Expenses,0
0.0,10000.0,7500,71.00.13,Office Expenses,5000
3980.0,4000.0,4000,71.00.20,Other Administrative Expenses,4000
431.0,5000.0,25,71.00.28,Professional Services,1000
0.0,0.0,0,71.00.30,Other Contractual Services,0
0.0,4000.0,2475,71.00.50,Other Charges,2500
19234.0,30000.0,15000,,Total:GSLV Mk-III Continuation Programme (Phase-1),17500
,,,72,Reusable Launch Vehicle Orbital Re-entry Experiment,
0.0,0.0,0,72.00.01,Salaries,0
1200.0,1000.0,1200,72.00.11,Domestic Travel Expenses,1000
698.0,0.0,0,72.00.13,Office Expenses,500
0.0,500.0,50,72.00.20,Other Administrative Expenses,400
0.0,0.0,0,72.00.26,Advertising & Publicity,50
0.0,0.0,0,72.00.27,Minor Works,50
81.0,300.0,150,72.00.28,Professional Services,500
498.0,700.0,700,72.00.50,Other Charges,500
2477.0,2500.0,2100,,Total:Reusable Launch Vehicle Orbital Re-entry Experiment,3000
,,,73,Small Satellite Launch Vehicle Development,
6700.0,1100.0,4000,73.00.21,Supplies & Materials,1250
0.0,41000.0,50,73.00.27,Minor Works,4950
0.0,3000.0,1500,73.00.30,Other Contractual Services,8100
299.0,500.0,50,73.00.50,Other Charges,4500
6999.0,5600.0,5600,,Total:Small Satellite Launch Vehicle Development,18800
,,,74,U R Rao Satellite Centre,
3139997.0,3250000.0,3109000,74.00.01,Salaries,4170000
0.0,100.0,0,74.00.02,Wages,0
373.0,500.0,100,74.00.03,Overtime Allowance,500
257734.0,257500.0,265000,74.00.06,Medical Treatment,310000
16882.0,29500.0,4000,74.00.11,Domestic Travel Expenses,10000
10671.0,18500.0,1000,74.00.12,Foreign Travel Expenses,9500
249836.0,200000.0,270000,74.00.13,Office Expenses,243300
226.0,1000.0,500,74.00.14,"Rent, Rates & Taxes",25000
52715.0,35000.0,35000,74.00.20,Other Administrative Expenses,18600
239970.0,266800.0,130000,74.00.21,Supplies & Materials,270000
9738.0,15000.0,40000,74.00.24,POL,12000
,,,74,U R Rao Satellite Centre,
6000.0,4000.0,2500,74.00.26,Advertising & Publicity,5500
279465.0,240000.0,210000,74.00.27,Minor Works,278100
344488.0,340000.0,450000,74.00.28,Professional Services,432100
449983.0,407000.0,359100,74.00.30,Other Contractual Services,261320
35000.0,45000.0,70000,74.00.31,Grant-in-aid - General,46500
0.0,100.0,0,74.00.32,Contributions,0
7051.0,6100.0,7000,74.00.34,Scholarships & Stipends,8000
0.0,900.0,900,74.00.50,Other Charges - Charged,900
4327.0,8000.0,14500,,Voted,23180
,,,74.96,Swachhta Action Plan (SAP),
3000.0,3000.0,1500,74.96.27,Minor Works,2500
,,,74.99,Information Technology,
154843.0,100000.0,55000,74.99.13,Office Expenses,144500
24000.0,22000.0,17500,74.99.50,Other Charges,51500
5286299.0,5250000.0,5012600,,Total:U R Rao Satellite Centre,6323000
0.0,900.0,900,,Charged,900
5286299.0,5249100.0,5011700,,Voted,6322100
,,,75,Earth Observation Follow-on Satellites,
0.0,0.0,0,75.00.01,Salaries,0
0.0,0.0,0,75.00.03,Overtime Allowance,0
0.0,0.0,0,75.00.11,Domestic Travel Expenses,0
0.0,0.0,0,75.00.12,Foreign Travel Expenses,0
0.0,0.0,0,75.00.13,Office Expenses,0
0.0,0.0,0,75.00.16,Publications,0
0.0,0.0,0,75.00.20,Other Administrative Expenses,0
0.0,0.0,0,75.00.21,Supplies & Materials,0
0.0,0.0,0,75.00.26,Advertising & Publicity,0
0.0,0.0,0,75.00.27,Minor Works,0
0.0,0.0,0,75.00.28,Professional Services,0
0.0,0.0,0,75.00.30,Other Contractual Services,0
0.0,0.0,0,75.00.50,Other Charges,0
,,,,Total:Earth Observation Follow-on Satellites,0
,,,76,GSLV Continuation Programme (Phase-4),
0.0,20000.0,0,76.00.01,Salaries,5000
0.0,10000.0,0,76.00.11,Domestic Travel Expenses,500
0.0,1000.0,0,76.00.12,Foreign Travel Expenses,0
0.0,2000.0,0,76.00.13,Office Expenses,1200
0.0,0.0,0,76.00.21,Supplies & Materials,0
0.0,0.0,0,76.00.27,Minor Works,0
0.0,500.0,0,76.00.28,Professional Services,300
0.0,0.0,0,76.00.30,Other Contractual Services,0
0.0,0.0,0,76.00.50,Other Charges,3000
0.0,33500.0,0,,Total:GSLV Continuation Programme (Phase-4),10000
,,,77,Network for Space Object Tracking and Analysis,
0.0,200.0,0,77.00.11,Domestic Travel Expenses,0
0.0,200.0,1500,77.00.13,Office Expenses,4000
0.0,200.0,0,77.00.28,Professional Services,6000
0.0,400.0,1000,77.00.30,Other Contractual Services,0
0.0,1000.0,2500,,Total:Network for Space Object Tracking and Analysis,10000
,,,78,Launch Pad for SSLV,
0.0,0.0,0,78.00.11,Domestic Travel Expenses,0
0.0,0.0,0,78.00.13,Office Expenses,0
0.0,0.0,0,78.00.21,Supplies & Materials,0
0.0,0.0,0,78.00.27,Minor Works,0
0.0,0.0,0,78.00.30,Other Contractual Services,0
0.0,0.0,0,78.00.50,Other Charges,0
0.0,0.0,0,,Total:Launch Pad for SSLV,0
,,,79,Human Spaceflight Centre,
141000.0,180000.0,171500,79.00.01,Salaries,200000
4.0,200.0,10,79.00.02,Wages,50
0.0,20.0,0,79.00.03,Overtime Allowance,20
1596.0,2500.0,2850,79.00.06,Medical Treatment,2500
4300.0,10000.0,1500,79.00.11,Domestic Travel Expenses,2500
2877.0,5000.0,100,79.00.12,Foreign Travel Expenses,1000
,,,79,Human Spaceflight Centre,
11059.0,13000.0,11060,79.00.13,Office Expenses,9400
2184.0,2500.0,0,79.00.14,"Rent, Rates & Taxes",500
0.0,0.0,0,79.00.16,Publications,200
1500.0,1000.0,800,79.00.20,Other Administrative Expenses,2630
2245.0,3000.0,3000,79.00.21,Supplies & Materials,3000
31.0,100.0,130,79.00.24,POL,200
1985.0,2000.0,40,79.00.26,Advertising & Publicity,500
2500.0,1000.0,4000,79.00.27,Minor Works,10400
3507.0,1200.0,1800,79.00.28,Professional Services,2000
4183.0,6000.0,20060,79.00.30,Other Contractual Services,22000
0.0,100.0,10,79.00.31,Grant-in-aid - General,0
0.0,0.0,0,79.00.32,Contributions,0
0.0,100.0,0,79.00.34,Scholarships & Stipends,0
0.0,100.0,100,74.00.50,Other Charges - Charged,100
1791.0,400.0,1000,,Voted,2500
,,,79.96,Swachhta Action Plan (SAP),
485.0,280.0,280,79.96.27,Minor Works,500
,,,79.99,Information Technology,
7214.0,4000.0,4310,79.99.13,Office Expenses,4000
0.0,500.0,50,79.99.50,Other Charges,1000
188461.0,233000.0,222600,,Total:Human Spaceflight Centre,265000
0.0,100.0,100,,Charged,100
188461.0,232900.0,222500,,Voted,264900
,,,80,Scatsat - II,
0.0,0.0,0,80.00.11,Domestic Travel Expenses,0
0.0,0.0,0,80.00.12,Foreign Travel Expenses,0
0.0,0.0,0,80.00.13,Office Expenses,0
0.0,0.0,0,80.00.20,Other Administrative Expenses,0
0.0,0.0,0,80.00.21,Supplies & Materials,0
0.0,0.0,0,80.00.27,Minor Works,0
0.0,0.0,0,80.00.28,Professional Services,0
0.0,0.0,0,80.00.30,Other Contractual Services,0
0.0,0.0,0,80.00.50,Other Charges,0
0.0,0.0,0,,Total:Scatsat - II,0
,,,81,Hyper Spectral Imager - II,
0.0,0.0,0,81.00.11,Domestic Travel Expenses,0
0.0,0.0,0,81.00.12,Foreign Travel Expenses,0
0.0,0.0,0,81.00.13,Office Expenses,0
0.0,0.0,0,81.00.20,Other Administrative Expenses,0
0.0,0.0,0,81.00.21,Supplies & Materials,0
0.0,0.0,0,81.00.27,Minor Works,0
0.0,0.0,0,81.00.28,Professional Services,0
0.0,0.0,0,81.00.30,Other Contractual Services,0
0.0,0.0,0,81.00.50,Other Charges,0
0.0,0.0,0,,Total:Hyper Spectral Imager - II,0
,,,82,Capacity Building Programmes,
0.0,1000.0,300,82.00.11,Domestic Travel Expenses,0
0.0,400.0,0,82.00.16,Publications,0
0.0,20000.0,3244,82.00.20,Other Administrative Expenses,1000
0.0,12000.0,13148,82.00.21,Supplies & Materials,0
0.0,26000.0,2789,82.00.26,Advertising & Publicity,0
0.0,8000.0,100,82.00.28,Professional Services,200
0.0,0.0,0,82.00.30,Other Contractual Services,0
0.0,2500.0,13869,82.00.31,Grant-in-aid - General,25500
0.0,20000.0,3750,82.00.35,Grants for creation of Capital Assets,20000
0.0,100.0,0,82.00.50,Other Charges,0
0.0,90000.0,37200,,Total:Capacity Building Programmes,46700
,,,83,Service Charges to PSEs for managing Launch Services,
0.0,0.0,0,83.00.30,Other Contractual Services,10000
0.0,0.0,0,,Total:Service Charges to PSEs for managing Launch Services,10000
,,,84,Indian National Space Promotion and Authorisation Centre,
0.0,0.0,0,84.00.01,Salaries,20000
0.0,0.0,0,84.00.02,Wages,50
0.0,0.0,0,84.00.03,Overtime Allowance,50
0.0,0.0,0,84.00.06,Medical Treatment,100
0.0,0.0,0,84.00.11,Domestic Travel Expenses,1000
0.0,0.0,0,84.00.12,Foreign Travel Expenses,100
0.0,0.0,0,84.00.13,Office Expenses,27500
0.0,0.0,0,84.00.14,"Rent, Rates & Taxes",100
0.0,0.0,0,84.00.16,Publications,50
0.0,0.0,0,84.00.20,Other Administrative Expenses,200
0.0,0.0,0,84.00.21,Supplies & Materials,100
0.0,0.0,0,84.00.24,POL,100
0.0,0.0,0,84.00.26,Advertising & Publicity,50
0.0,0.0,0,84.00.27,Minor Works,200
0.0,0.0,0,84.00.28,Professional Services,100
0.0,0.0,0,84.00.30,Other Contractual Services,20000
0.0,0.0,0,84.00.31,Grant-in-aid - General,100
0.0,0.0,0,84.00.34,Scholarships & Stipends,50
0.0,0.0,0,84.00.50,Other Charges,20000
,,,84.96,Swachhta Action Plan (SAP),
0.0,0.0,0,84.96.27,Minor Works,50
,,,84.99,Information Technology,
0.0,0.0,0,84.99.13,Office Expenses,10000
0.0,0.0,0,84.99.50,Other Charges,100
0.0,0.0,0,,Total:Indian National Space Promotion and Authorisation Centre,100000
41171449.0,39512100.0,35515400,,Total:Space Technology,42303500
6000.0,5000.0,5000,,Charged,5000
41165449.0,39507100.0,35510400,,Voted,42298500
,,,3402,Space Research,
,,,00.102,Space Applications,
,,,01,Space Applications Centre,
3249115.0,3300000.0,3120000,01.00.01,Salaries,3452200
1994.0,2000.0,2000,01.00.02,Wages,2000
441.0,500.0,125,01.00.03,Overtime Allowance,500
249888.0,250000.0,230000,01.00.06,Medical Treatment,250000
40965.0,54200.0,2500,01.00.11,Domestic Travel Expenses,24700
19000.0,23850.0,3000,01.00.12,Foreign Travel Expenses,15000
253972.0,250000.0,230000,01.00.13,Office Expenses,273470
28440.0,15000.0,15000,01.00.14,"Rent, Rates & Taxes",15000
9999.0,12000.0,1000,01.00.20,Other Administrative Expenses,7500
2197466.0,2000000.0,1182875,01.00.21,Supplies & Materials,1761930
6499.0,7000.0,5000,01.00.24,POL,7000
19989.0,20000.0,8000,01.00.26,Advertising & Publicity,15000
249987.0,305000.0,215000,01.00.27,Minor Works,200000
239999.0,405650.0,390000,01.00.28,Professional Services,465700
209984.0,250300.0,155000,01.00.30,Other Contractual Services,148500
500.0,500.0,0,01.00.31,Grant-in-aid - General,500
25997.0,18000.0,26000,01.00.34,Scholarships & Stipends,25000
0.0,500.0,500,01.00.50,Other Charges - Charged,500
89993.0,100000.0,69500,,Voted,100000
,,,01.96,Swachhta Action Plan (SAP),
9998.0,10000.0,5000,01.96.27,Minor Works,10000
,,,01.99,Information Technology,
8498.0,22000.0,22000,01.99.13,Office Expenses,22000
4486.0,3500.0,3500,01.99.50,Other Charges,3500
6917210.0,7050000.0,5686000,,Total:Space Applications Centre,6800000
0.0,500.0,500,,Charged,500
6917210.0,7049500.0,5685500,,Voted,6799500
,,,02,Development & Educational Communication Unit,
104999.0,107000.0,92500,02.00.01,Salaries,114000
100.0,100.0,100,02.00.02,Wages,100
50.0,50.0,0,02.00.03,Overtime Allowance,50
7992.0,8000.0,350,02.00.11,Domestic Travel Expenses,4700
981.0,1000.0,1000,02.00.13,Office Expenses,1000
247.0,250.0,50,02.00.20,Other Administrative Expenses,250
500.0,500.0,100,02.00.21,Supplies & Materials,500
100.0,100.0,100,02.00.24,POL,100
100.0,0.0,0,02.00.26,Advertising & Publicity,0
500.0,900.0,937,02.00.27,Minor Works,900
699.0,700.0,150,02.00.28,Professional Services,700
0.0,0.0,0,02.00.30,Other Contractual Services,0
53299.0,62700.0,31713,02.00.50,Other Charges,24200
,,,02.99,Information Technology,
2997.0,3500.0,2500,02.99.13,Office Expenses,1950
199.0,200.0,200,02.99.50,Other Charges,150
172763.0,185000.0,129700,,Total:Development & Educational Communication Unit,148600
,,,04,Earth Observation Applications Mission,
1634.0,1425.0,0,04.00.11,Domestic Travel Expenses,0
110.0,210.0,0,04.00.13,Office Expenses,0
1.0,600.0,0,04.00.21,Supplies & Materials,0
480.0,0.0,0,04.00.28,Professional Services,0
4468.0,2565.0,1800,04.00.34,Scholarships & Stipends,500
110.0,200.0,600,04.00.50,Other Charges,0
6803.0,5000.0,2400,,Total:Earth Observation Applications Mission,500
,,,05,National Natural Resources Management System,
8900.0,8900.0,4900,05.00.01,Salaries,5000
0.0,200.0,200,05.00.06,Medical Treatment,200
0.0,200.0,200,05.00.11,Domestic Travel Expenses,50
0.0,200.0,0,05.00.12,Foreign Travel Expenses,0
0.0,300.0,300,05.00.13,Office Expenses,200
0.0,80.0,0,05.00.20,Other Administrative Expenses,100
0.0,10.0,0,05.00.21,Supplies & Materials,0
0.0,10.0,0,05.00.28,Professional Services,0
5433.0,20000.0,2000,05.00.31,Grant-in-aid - General,5000
62205.0,85000.0,72300,05.00.50,Other Charges,89400
,,,05.99,Information Technology,
0.0,100.0,100,05.99.50,Other Charges,50
76538.0,115000.0,80000,,Total:National Natural Resources Management System,100000
,,,09,North-Eastern Space Applications Centre,
147800.0,120000.0,100000,09.00.31,Grant-in-aid - General,110000
140000.0,170000.0,50000,09.00.35,Grants for creation of Capital Assets,55000
90000.0,113000.0,96900,09.00.36,Grant-in-aid - Salaries,135000
377800.0,403000.0,246900,,Total:North-Eastern Space Applications Centre,300000
,,,10,Disaster Management Support,
0.0,0.0,0,10.00.01,Salaries,0
1477.0,9600.0,1050,10.00.11,Domestic Travel Expenses,5120
1400.0,4000.0,280,10.00.13,Office Expenses,7300
0.0,100.0,700,10.00.16,Publications,950
18568.0,30000.0,3570,10.00.21,Supplies & Materials,15450
0.0,500.0,0,10.00.27,Minor Works,0
15919.0,10000.0,1350,10.00.28,Professional Services,13100
124.0,4500.0,1480,10.00.30,Other Contractual Services,4680
4729.0,4300.0,3800,10.00.34,Scholarships & Stipends,16500
0.0,0.0,0,10.00.50,Other Charges,0
,,,10.99,Information Technology,
600.0,2000.0,2570,10.99.13,Office Expenses,3600
42817.0,65000.0,14800,,Total:Disaster Management Support,66700
,,,11,National Remote Sensing Centre,
1639684.0,1700000.0,1530000,11.00.01,Salaries,1750000
0.0,10.0,10,11.00.02,Wages,10
128.0,100.0,190,11.00.03,Overtime Allowance,100
169990.0,160000.0,200000,11.00.06,Medical Treatment,200000
26767.0,33200.0,8200,11.00.11,Domestic Travel Expenses,14130
1015.0,6590.0,1500,11.00.12,Foreign Travel Expenses,1000
231296.0,240000.0,220400,11.00.13,Office Expenses,235705
48499.0,55000.0,50000,11.00.14,"Rent, Rates & Taxes",50000
41492.0,50000.0,37700,11.00.20,Other Administrative Expenses,45170
,,,11,National Remote Sensing Centre,
147493.0,70000.0,70000,11.00.21,Supplies & Materials,90000
1264.0,2600.0,2600,11.00.24,POL,2600
18487.0,20000.0,6000,11.00.26,Advertising & Publicity,7500
129925.0,200000.0,200000,11.00.27,Minor Works,228000
335000.0,350000.0,350000,11.00.28,Professional Services,360305
155998.0,120000.0,177000,11.00.30,Other Contractual Services,123985
454.0,600.0,600,11.00.31,Grant-in-aid - General,600
10000.0,20000.0,12500,11.00.34,Scholarships & Stipends,21100
0.0,400.0,400,11.00.50,Other Charges - Charged,400
18000.0,30000.0,30000,,Voted,30000
,,,11.96,Swachhata Action Plan (SAP),
1196.0,1500.0,1500,11.96.27,Minor Works,2300
,,,11.99,Information Technology,
12400.0,10000.0,10000,11.99.13,Office Expenses,12000
42000.0,30000.0,48300,11.99.50,Other Charges,30000
3031088.0,3100000.0,2956900,,Total:National Remote Sensing Centre,3204905
0.0,400.0,400,,Charged,400
3031088.0,3099600.0,2956500,,Voted,3204505
,,,12,Indian Institute of Remote Sensing,
202829.0,220000.0,192000,12.00.01,Salaries,237000
13.0,30.0,0,12.00.03,Overtime Allowance,30
13872.0,13670.0,15000,12.00.06,Medical Treatment,14500
8482.0,15000.0,200,12.00.11,Domestic Travel Expenses,4000
684.0,800.0,150,12.00.12,Foreign Travel Expenses,800
16756.0,26200.0,12500,12.00.13,Office Expenses,17800
0.0,50.0,0,12.00.14,"Rent, Rates & Taxes",50
0.0,50.0,500,12.00.16,Publications,50
1200.0,1800.0,500,12.00.20,Other Administrative Expenses,7465
39495.0,25000.0,19586,12.00.21,Supplies & Materials,9000
700.0,1000.0,400,12.00.24,POL,1600
2412.0,2500.0,500,12.00.26,Advertising & Publicity,1200
32998.0,35000.0,28150,12.00.27,Minor Works,20000
64999.0,47000.0,53200,12.00.28,Professional Services,47680
42156.0,39000.0,44000,12.00.30,Other Contractual Services,35500
487.0,500.0,350,12.00.31,Grant-in-aid - General,215
2000.0,2900.0,2000,12.00.34,Scholarships & Stipends,2500
0.0,100.0,100,12.00.50,Other Charges - Charged,100
3976.0,3200.0,1300,,Voted,10545
,,,12.96,Swachhata Action Plan (SAP),
50.0,200.0,100,12.96.27,Minor Works,400
,,,12.99,Information Technology,
4922.0,6500.0,3764,12.99.13,Office Expenses,2620
14999.0,17500.0,9700,12.99.50,Other Charges,14440
453030.0,458000.0,384000,,Total:Indian Institute of Remote Sensing,427495
0.0,100.0,100,,Charged,100
453030.0,457900.0,383900,,Voted,427395
11078049.0,11381000.0,9500700,,Total:Space Applications,11048200
,1000.0,1000,,Charged,1000
11078049.0,11380000.0,9499700,,Voted,11047200
,,,3402,Space Research,
,,,00.103,Space Sciences,
,,,01,Physical Research Laboratory,
680000.0,600000.0,400000,01.00.31,Grant-in-aid - General,450000
500000.0,400000.0,400000,01.00.35,Grants for creation of Capital Assets,385000
677000.0,720000.0,662500,01.00.36,Grant-in-aid - Salaries,750000
1857000.0,1720000.0,1462500,,Total:Physical Research Laboratory,1585000
,,,04,National Atmospheric Research Laboratory,
150000.0,140000.0,145000,04.00.31,Grant-in-aid - General,155000
246000.0,420000.0,35000,04.00.35,Grants for creation of Capital Assets,55000
115000.0,125000.0,110000,04.00.36,Grant-in-aid - Salaries,140000
511000.0,385000.0,290000,,Total:National Atmospheric Research Laboratory,350000
,,,08,Sensor Payload Development/Planetary Science Programme,
0.0,0.0,0,08.00.21,Supplies & Materials,20000
0.0,0.0,0,08.00.30,Other Contractual Services,0
58000.0,20000.0,10000,08.00.31,Grant-in-aid - General,20000
58000.0,20000.0,10000,,Total:Sensor Payload Development/Planetary Science Programme,40000
,,,09,RESPOND,
490213.0,430000.0,150000,09.00.31,Grant-in-aid - General,315000
0.0,50000.0,0,09.00.35,Grants for creation of Capital Assets,35000
490213.0,480000.0,450000,,Total:RESPOND,350000
,,,11,Indian Lunar Mission - Chandrayaan - 1 & 2,
25.0,200.0,0,11.00.03,Overtime Allowance,0
4048.0,3500.0,59,11.00.11,Domestic Travel Expenses,0
3233.0,5000.0,1500,11.00.12,Foreign Travel Expenses,0
8950.0,2100.0,2100,11.00.13,Office Expenses,0
21215.0,1300.0,1998,11.00.20,Other Administrative Expenses,0
100.0,0.0,0,11.00.21,Supplies & Materials,0
3497.0,650.0,629,11.00.27,Minor Works,0
196.0,250.0,249,11.00.28,Professional Services,0
179000.0,3900.0,5400,11.00.30,Other Contractual Services,0
171.0,100.0,465,11.00.50,Other Charges,0
220435.0,17000.0,12400,,Total:Indian Lunar Mission - Chandrayaan - 1 & 2,0 
,,,14,ADITYA,
0.0,100.0,0,14.00.03,Overtime Allowance,100
926.0,4300.0,1200,14.00.11,Domestic Travel Expenses,1900
0.0,2000.0,2000,14.00.12,Foreign Travel Expenses,4000
7778.0,5500.0,3400,14.00.13,Office Expenses,8910
1000.0,1500.0,1500,14.00.20,Other Administrative Expenses,2500
3500.0,0.0,0,14.00.21,Supplies & Materials,0
2199.0,2000.0,1750,14.00.27,Minor Works,1000
165.0,800.0,800,14.00.28,Professional Services,800
1598.0,133300.0,12750,14.00.30,Other Contractual Services,154500
701.0,500.0,500,14.00.50,Other Charges,2000
17867.0,450000.0,23900,,Total:ADITYA,175710
,,,17,X-Ray Polarimeter Satellite,
0.0,300.0,0,17.00.03,Overtime Allowance,0
200.0,3300.0,500,17.00.11,Domestic Travel Expenses,1500
0.0,1000.0,500,17.00.12,Foreign Travel Expenses,1000
4900.0,1900.0,2200,17.00.13,Office Expenses,5200
2000.0,1100.0,1100,17.00.20,Other Administrative Expenses,1100
1000.0,0.0,0,17.00.21,Supplies & Materials,0
2097.0,700.0,700,17.00.27,Minor Works,700
250.0,500.0,500,17.00.28,Professional Services,200
1500.0,5000.0,1500,17.00.30,Other Contractual Services,6210
249.0,1200.0,1200,17.00.50,Other Charges,500
12196.0,15000.0,8200,,Total:X-Ray Polarimeter Satellite,16410
,,,18,Space Docking Experiment Mission,
720.0,2300.0,500,18.00.11,Domestic Travel Expenses,2800
0.0,1000.0,0,18.00.12,Foreign Travel Expenses,0
1075.0,1200.0,2200,18.00.13,Office Expenses,2400
800.0,1000.0,1700,18.00.20,Other Administrative Expenses,1000
0.0,8000.0,0,18.00.21,Supplies & Materials,0
0.0,1200.0,1500,18.00.27,Minor Works,1200
270.0,500.0,1000,18.00.28,Professional Services,500
2297.0,13800.0,3300,18.00.30,Other Contractual Services,7820
150.0,1000.0,900,18.00.50,Other Charges,1730
5312.0,30000.0,11100,,Total:Space Docking Experiment Mission,17450
,,,19,Climate & Atmospheric Programme,
1395.0,7340.0,115,19.00.11,Domestic Travel Expenses,3952
700.0,5200.0,500,19.00.13,Office Expenses,3150
3417.0,20000.0,584,19.00.21,Supplies & Materials,8900
8561.0,37960.0,20678,19.00.28,Professional Services,82640
2875.0,2200.0,1915,19.00.30,Other Contractual Services,5200
63171.0,54000.0,20000,19.00.31,Grant-in-aid - General,0
7044.0,27500.0,5428,19.00.34,Scholarships & Stipends,17868
53157.0,5800.0,48780,19.00.50,Other Charges,80420
,,,19.99,Information Technology,
0.0,0.0,0,19.99.50,Other Charges,0
140320.0,160000.0,98000,,Total:Climate & Atmospheric Programme,202130
,,,20,Space Science Promotion,
35169.0,48000.0,12500,20.00.31,Grant-in-aid - General,40000
35169.0,48000.0,12500,,Total:Space Science Promotion,40000
,,,21,Mission to Venus,
0.0,0.0,0,21.00.03,Overtime Allowance,0
0.0,50.0,0,21.00.11,Domestic Travel Expenses,0
0.0,50.0,0,21.00.12,Foreign Travel Expenses,0
0.0,0.0,0,21.00.13,Office Expenses,0
0.0,0.0,0,21.00.20,Other Administrative Expenses,0
0.0,0.0,0,21.00.21,Supplies & Materials,0
0.0,0.0,0,21.00.27,Minor Works,0
0.0,0.0,0,21.00.28,Professional Services,0
0.0,0.0,0,21.00.30,Other Contractual Services,0
0.0,0.0,0,21.00.50,Other Charges,0
0.0,100.0,0,,Total:Mission to Venus,0
,,,22,Mars Orbiter Mission - II,
0.0,0.0,0,22.00.03,Overtime Allowance,0
0.0,0.0,0,22.00.11,Domestic Travel Expenses,0
0.0,0.0,0,22.00.12,Foreign Travel Expenses,0
0.0,0.0,0,22.00.13,Office Expenses,0
0.0,0.0,0,22.00.20,Other Administrative Expenses,0
0.0,0.0,0,22.00.21,Supplies & Materials,0
0.0,0.0,0,22.00.27,Minor Works,0
0.0,0.0,0,22.00.28,Professional Services ),
0.0,0.0,0,22.00.30,Other Contractual Services,0
0.0,0.0,0,22.00.50,Other Charges,0
0.0,0.0,0,,Total:Mars Orbiter Mission - II,0
,,,23,AtmSat,
0.0,0.0,0,23.00.03,Overtime Allowance,0
0.0,0.0,0,23.00.11,Domestic Travel Expenses,0
0.0,0.0,0,23.00.12,Foreign Travel Expenses,0
0.0,0.0,0,23.00.13,Office Expenses,0
0.0,0.0,0,23.00.20,Other Administrative Expenses,0
0.0,0.0,0,23.00.21,Supplies & Materials,0
0.0,0.0,0,23.00.27,Minor Works,0
0.0,0.0,0,23.00.28,Professional Services,0
0.0,0.0,0,23.00.30,Other Contractual Services,0
0.0,0.0,0,23.00.50,Other Charges,0
0.0,0.0,0,,Total:AtmSat,0
,,,24,ExoWorlds,
0.0,0.0,0,24.00.03,Overtime Allowance,0
0.0,0.0,0,24.00.11,Domestic Travel Expenses,0
0.0,0.0,0,24.00.12,Foreign Travel Expenses,0
0.0,0.0,0,24.00.13,Office Expenses,0
0.0,0.0,0,24.00.20,Other Administrative Expenses,0
0.0,0.0,0,24.00.21,Supplies & Materials,0
0.0,0.0,0,24.00.26,Advertising & Publicity,0
0.0,0.0,0,24.00.27,Minor Works,0
0.0,0.0,0,24.00.28,Professional Services,0
0.0,0.0,0,24.00.30,Other Contractual Services,0
0.0,0.0,0,24.00.50,Other Charges,0
0.0,0.0,0,,Total:ExoWorlds,0
,,,25,Chandrayaan-III,
0.0,0.0,0,25.00.11,Domestic Travel Expenses,7500
0.0,6000.0,500,25.00.12,Foreign Travel Expenses,4000
0.0,1000.0,4500,25.00.13,Office Expenses,3500
0.0,0.0,0,25.00.20,Other Administrative Expenses,7600
0.0,1000.0,100,25.00.21,Supplies & Materials,500
0.0,0.0,0,25.00.26,Advertising & Publicity,500
0.0,0.0,0,25.00.27,Minor Works,2000
0.0,0.0,0,25.00.28,Professional Services,1000
0.0,1000.0,21700,25.00.30,Other Contractual Services,203500
0.0,1000.0,9400,25.00.50,Other Charges,1800
0.0,10000.0,36200,,Total:Chandrayaan-III,231900
3347512.0,3035100.0,2114800,,Total:Space Sciences,3008600
,,,3402,Space Research,
,,,00.105,INSAT Satellite System,
,,,01,INSAT-3 Satellites,
0.0,0.0,0,01.00.01,Salaries,0
0.0,500.0,0,01.00.11,Domestic Travel Expenses,0
0.0,100.0,0,01.00.13,Office Expenses,0
0.0,200.0,0,01.00.20,Other Administrative Expenses,0
0.0,900.0,0,01.00.21,Supplies & Materials,0
0.0,100.0,0,01.00.27,Minor Works,0
0.0,100.0,0,01.00.28,Professional Services,0
0.0,5000.0,0,01.00.30,Other Contractual Services,0
0.0,100.0,0,01.00.50,Other Charges,0
0.0,7000.0,0,,Total:INSAT-3 Satellites,0
,,,03,Service Charges for Leasing INSAT/GSAT Transponders,
956780.0,1200000.0,1176300,03.00.28,Professional Services,0
0.0,0.0,0,03.00.30,Other Contractual Services,86100
956780.0,1200000.0,1176300,,Total:Service Charges for Leasing INSAT/GSAT Transponders,86100
,,,12,GSAT-20 Satellite,
211500.0,85000.0,14500,12.00.01,Salaries,100
0.0,0.0,0,12.00.03,Overtime Allowance,0
6380.0,15000.0,2500,12.00.11,Domestic Travel Expenses,100
0.0,100.0,100,12.00.12,Foreign Travel Expenses,100
14999.0,50.0,1000,12.00.13,Office Expenses,100
8166.0,50.0,1000,12.00.20,Other Administrative Expenses,100
24296.0,0.0,500,12.00.21,Supplies & Materials,100
0.0,0.0,0,12.00.26,Advertising & Publicity,0
8423.0,0.0,0,12.00.27,Minor Works,100
0.0,0.0,0,12.00.28,Professional Services,100
13894.0,9800.0,1500,12.00.30,Other Contractual Services,5000
2999.0,0.0,0,12.00.50,Other Charges,100
290657.0,110000.0,21100,,Total:GSAT-20 Satellite,5900
,,,13,GSAT-30/31 Communication Spacecrafts - Launch Services,
39428.0,45000.0,10000,13.00.12,Foreign Travel Expenses,0
16661.0,5000.0,20000,13.00.50,Other Charges,0
56089.0,50000.0,30000,,Total:GSAT-30/31 Communication Spacecrafts - Launch Services,0
,,,16,Advanced Communication Satellite (GSAT-11) including launch services,
0.0,0.0,0,16.00.01,Salaries,0
60.0,0.0,0,16.00.11,Domestic Travel Expenses,0
27069.0,0.0,0,16.00.12,Foreign Travel Expenses,0
0.0,0.0,0,16.00.13,Office Expenses,0
46.0,0.0,0,16.00.20,Other Administrative Expenses,0
0.0,0.0,0,16.00.21,Supplies & Materials,0
0.0,0.0,0,16.00.26,Advertising & Publicity,0
0.0,0.0,0,16.00.27,Minor Works,0
0.0,0.0,0,16.00.28,Professional Services,0
0.0,0.0,0,16.00.30,Other Contractual Services,0
24635.0,0.0,0,16.00.50,Other Charges,0
51810.0,0.0,0,,Total:Advanced Communication Satellite (GSAT-11) including launch services,0
,,,17,GSAT-21 Satellite,
0.0,0.0,0,17.00.01,Salaries,0
0.0,0.0,0,17.00.03,Overtime Allowance,0
0.0,0.0,0,17.00.11,Domestic Travel Expenses,0
0.0,0.0,0,17.00.12,Foreign Travel Expenses,0
0.0,0.0,0,17.00.13,Office Expenses,0
0.0,0.0,0,17.00.20,Other Administrative Expenses,0
0.0,0.0,0,17.00.21,Supplies & Materials,0
0.0,0.0,0,17.00.26,Advertising & Publicity,0
0.0,0.0,0,17.00.27,Minor Works,0
0.0,0.0,0,17.00.28,Professional Services,0
0.0,0.0,0,17.00.30,Other Contractual Services,0
0.0,0.0,0,17.00.50,Other Charges,0
0.0,0.0,0,,Total:GSAT-21 Satellite,0
,,,18,GSAT-22/23/24 Satellites,
200000.0,300000.0,52500,18.00.01,Salaries,40000
99.0,100.0,100,18.00.03,Overtime Allowance,100
4258.0,30000.0,2500,18.00.11,Domestic Travel Expenses,2500
0.0,1000.0,0,18.00.12,Foreign Travel Expenses,0
8000.0,100.0,2500,18.00.13,Office Expenses,2500
5114.0,100.0,2500,18.00.20,Other Administrative Expenses,2500
5399.0,0.0,0,18.00.21,Supplies & Materials,0
0.0,0.0,0,18.00.26,Advertising & Publicity,0
20410.0,0.0,0,18.00.27,Minor Works,0
1000.0,0.0,0,18.00.28,Professional Services,2500
5744.0,38200.0,7500,18.00.30,Other Contractual Services,9000
100.0,500.0,2500,18.00.50,Other Charges,1000
250124.0,370000.0,70100,,Total:GSAT-22/23/24 Satellites,60100
,,,19,Procurement of Heavier Class Satellite,
0.0,0.0,0,19.00.12,Foreign Travel Expenses,0
0.0,0.0,0,19.00.21,Supplies & Materials,0
0.0,0.0,0,19.00.27,Minor Works,0
0.0,0.0,0,19.00.50,Other Charges,0
0.0,0.0,0,,Total:Procurement of Heavier Class Satellite,0
,,,20,GSAT-25 & 28 Satellites,
0.0,0.0,0,20.00.01,Salaries,0
0.0,0.0,0,20.00.03,Overtime Allowance,0
0.0,0.0,0,20.00.11,Domestic Travel Expenses,0
0.0,0.0,0,20.00.12,Foreign Travel Expenses,0
0.0,0.0,0,20.00.13,Office Expenses,0
0.0,0.0,0,20.00.20,Other Administrative Expenses,0
0.0,0.0,0,20.00.21,Supplies & Materials,0
0.0,0.0,0,20.00.26,Advertising & Publicity,0
0.0,0.0,0,20.00.27,Minor Works,0
0.0,0.0,0,20.00.28,Professional Services,0
0.0,0.0,0,20.00.30,Other Contractual Services,0
0.0,0.0,0,20.00.50,Other Charges,0
0.0,0.0,0,,Total:GSAT-25 & 28 Satellites,0
,,,21,GSAT-26 & 27 Satellites,
0.0,0.0,0,21.00.01,Salaries,0
0.0,0.0,0,21.00.03,Overtime Allowance,0
0.0,0.0,0,21.00.11,Domestic Travel Expenses,0
0.0,0.0,0,21.00.12,Foreign Travel Expenses,0
0.0,0.0,0,21.00.13,Office Expenses,0
0.0,0.0,0,21.00.20,Other Administrative Expenses,0
0.0,0.0,0,21.00.21,Supplies & Materials,0
0.0,0.0,0,21.00.26,Advertising & Publicity,0
0.0,0.0,0,21.00.27,Minor Works,0
0.0,0.0,0,21.00.28,Professional Services,0
0.0,0.0,0,21.00.30,Other Contractual Services,0
0.0,0.0,0,21.00.50,Other Charges,0
0.0,0.0,0,,Total:GSAT-26 & 27 Satellites,0
,,,22,GSAT-29 Satellite,
25000.0,4000.0,0,22.00.01,Salaries,0
0.0,0.0,0,22.00.03,Overtime Allowance,0
4438.0,5000.0,0,22.00.11,Domestic Travel Expenses,0
0.0,0.0,0,22.00.12,Foreign Travel Expenses,0
10442.0,0.0,0,22.00.13,Office Expenses,0
7757.0,0.0,0,22.00.20,Other Administrative Expenses,0
148.0,0.0,0,22.00.21,Supplies & Materials,0
2862.0,0.0,0,22.00.27,Minor Works,0
0.0,0.0,0,22.00.28,Professional Services,0
35617.0,1000.0,0,22.00.30,Other Contractual Services,0
3898.0,0.0,0,22.00.50,Other Charges,0
90162.0,10000.0,0,,Total:GSAT-29 Satellite,0
,,,23,GSAT 30/31/32 Satellites,
300000.0,326500.0,391500,23.00.01,Salaries,170000
0.0,0.0,0,23.00.02,Wages,100
0.0,0.0,0,23.00.03,Overtime Allowance,100
6387.0,20000.0,10000,23.00.11,Domestic Travel Expenses,4000
0.0,21000.0,0,23.00.12,Foreign Travel Expenses,0
17500.0,0.0,0,23.00.13,Office Expenses,3000
9826.0,0.0,0,23.00.20,Other Administrative Expenses,3000
24833.0,10.0,500,23.00.21,Supplies & Materials,0
0.0,0.0,0,21.00.26,Advertising & Publicity,500
14997.0,0.0,5000,23.00.27,Minor Works,7300
1258.0,0.0,5000,23.00.28,Professional Services,5000
24973.0,32480.0,24700,23.00.30,Other Contractual Services,6000
2049.0,10.0,3300,23.00.50,Other Charges,1000
401823.0,400000.0,440000,,Total:GSAT 30/31/32 Satellites,200000
,,,26,Indian Data Relay Satellite Series,
16387.0,221000.0,221000,26.00.01,Salaries,130000
0.0,0.0,0,26.00.02,Wages,100
0.0,1000.0,1000,26.00.03,Overtime Allowance,100
292.0,43500.0,10000,26.00.11,Domestic Travel Expenses,5000
0.0,15000.0,5000,26.00.12,Foreign Travel Expenses,5000
6000.0,27800.0,39000,26.00.13,Office Expenses,7500
4683.0,20000.0,20000,26.00.20,Other Administrative Expenses,7500
0.0,100.0,2000,26.00.21,Supplies & Materials,1000
0.0,500.0,500,26.00.26,Advertising & Publicity,500
3900.0,30000.0,30000,26.00.27,Minor Works,7500
0.0,25000.0,25000,26.00.28,Professional Services,5000
200.0,66000.0,30000,26.00.30,Other Contractual Services,20000
1000.0,100.0,2500,26.00.50,Other Charges,2500
32462.0,450000.0,386000,,Total:Indian Data Relay Satellite Series,191700
,,,27,Future Missions including Launch Services/GSAT 12R,
90000.0,45000.0,25000,27.00.01,Salaries,0
6963.0,0.0,0,27.00.03,Overtime Allowance,100
0.0,8800.0,1000,27.00.11,Domestic Travel Expenses,1000
0.0,1000.0,0,27.00.12,Foreign Travel Expenses,0
24499.0,4000.0,2000,27.00.13,Office Expenses,1500
5941.0,4000.0,1000,27.00.20,Other Administrative Expenses,800
49849.0,100.0,1000,27.00.21,Supplies & Materials,500
100.0,500.0,0,27.00.26,Advertising & Publicity,0
13481.0,1500.0,1400,27.00.27,Minor Works,500
1050.0,1000.0,500,27.00.28,Professional Services,1000
33683.0,34000.0,17000,27.00.30,Other Contractual Services,0
10500.0,100.0,1500,27.00.50,Other Charges,100
236066.0,100000.0,50400,,Total:Future Missions including Launch Services/GSAT 12R,5500 
,,,28,GSAT 20/24 Launch Services,
0.0,10.0,0,28.00.11,Domestic Travel Expenses,0
0.0,80.0,0,28.00.12,Foreign Travel Expenses,0
0.0,10.0,0,28.00.50,Other Charges,0
0.0,100.0,0,,Total:GSAT 20/24 Launch Services,0
,,,29,GSAT New Missions incl. Launch Services,
0.0,0.0,0,29.00.01,Salaries,0
0.0,0.0,0,29.00.11,Domestic Travel Expenses,0
0.0,0.0,0,29.00.12,Foreign Travel Expenses,0
0.0,0.0,0,29.00.13,Office Expenses,0
0.0,0.0,0,29.00.20,Other Administrative Expenses,0
0.0,0.0,0,29.00.21,Supplies & Materials,0
0.0,0.0,0,29.00.26,Advertising & Publicity,0
0.0,0.0,0,29.00.27,Minor Works,0
0.0,0.0,0,29.00.28,Professional Services,0
0.0,0.0,0,29.00.30,Other Contractual Services,0
0.0,0.0,0,29.00.50,Other Charges,0
0.0,0.0,0,,Total:GSAT New Missions incl. Launch Services,0
2365973.0,2697100.0,2173900,,Total:INSAT Satellite System,549300
,,,3402,Space Research,
,,,00.798,International Co-operation,
,,,01,Centre for Space Science & Technology Education in Asia and the Pacific,
0.0,0.0,0,01.00.31,Grant-in-aid - General,10000
0.0,0.0,0,01.00.32,Contributions,0
16300.0,42500.0,16000,01.00.50,Other Charges,10000
16300.0,42500.0,16000,,Total:Centre for Space Science & Technology Education in Asia and the Pacific,20000
,,,02,Other Programmes,
17432.0,7500.0,800,02.00.20,Other Administrative Expenses,2000
3041.0,0.0,0,02.00.32,Contributions,0
398.0,5000.0,7200,02.00.50,Other Charges,8000
20871.0,12500.0,8000,,Total:Other Programmes,10000
37171.0,55000.0,24000,,Total:International Co-operation,30000
58000154.0,56680300.0,49328800,,Total:Major Head '3402',56939600
6000.0,6000.0,6000,,Charged,6000
57994154.0,56674300.0,49322800,,Voted,56933600
58510833.0,57042000.0,49546800,,Total:Revenue,57204600
6000.0,6000.0,6000,,Charged,6000
58504833.0,57036000.0,49540800,,Voted,57198600
,,,,CAPITAL SECTION,
,,,5402,Capital Outlay on Space Research,
,,,00.052,Machinery & Equipment,
,,,01,Tools & Plant,
0.0,0.0,0,01.00.52,Machinery & Equipment,0
0.0,0.0,0,,Total:Tools & Plant,0
0.0,0.0,0,,Total:Machinery & Equipment,0
,,,00.101,Space Technology,
,,,01,Vikram Sarabhai Space Centre,
21953.0,20000.0,6200,01.00.51,Motor Vehicles,50000
1880371.0,1885000.0,995100,01.00.52,Machinery & Equipment,2031190
0.0,500.0,500,01.00.53,Major Works - Charged,0
595065.0,1199500.0,376200,,Voted,0
319323.0,400000.0,360000,01.00.60,Other Capital Expenditure,900000
,,,01.99,Information Technology,
29073.0,50000.0,42100,01.99.52,Machinery & Equipment,58810
2845785.0,3555000.0,1780100,,Total:Vikram Sarabhai Space Centre,3040000
0.0,500.0,500,,Charged,0
2845785.0,3554500.0,1779600,,Voted,3040000
,,,02,ISRO Inertial Systems Unit,
0.0,7000.0,0,02.00.51,Motor Vehicles,9000
199099.0,221500.0,208700,02.00.52,Machinery & Equipment,202500
13888.0,19000.0,6900,02.00.53,Major Works,0
5400.0,2500.0,3000,02.00.60,Other Capital Expenditure,0
,,,02.99,Information Technology,
978.0,20000.0,3000,02.99.52,Machinery & Equipment,1500
219365.0,270000.0,221600,,Total:ISRO Inertial Systems Unit,213000
,,,07,Liquid Propulsion Systems Centre,
23056.0,40000.0,2800,07.00.51,Motor Vehicles,36300
1730000.0,3190000.0,1300000,07.00.52,Machinery & Equipment,2647418
0.0,500.0,500,07.00.53,Major Works - Charged,0
1148797.0,1099500.0,312000,,Voted,0
5400.0,10000.0,3700,07.00.60,Other Capital Expenditure,80635
,,,07.99,Information Technology,
10000.0,20000.0,6800,07.99.52,Machinery & Equipment,111300
2917253.0,4360000.0,1625800,,Total:Liquid Propulsion Systems Centre,2875653
0.0,500.0,500,,Charged,0
2917253.0,4359500.0,1625300,,Voted,2875653
,,,09,Laboratory for Electro-Optics Systems,
0.0,1000.0,0,09.00.51,Motor Vehicles,0
123443.0,269000.0,129400,09.00.52,Machinery & Equipment,258490
31508.0,60000.0,53200,09.00.53,Major Works,0
4991.0,0.0,0,09.00.60,Other Capital Expenditure,6000
,,,09.99,Information Technology,
14000.0,30000.0,5000,09.99.52,Machinery & Equipment,24710
173942.0,360000.0,187600,,Total:Laboratory for Electro-Optics Systems,289200
,,,17,Satish Dhawan Space Centre-SHAR,
47599.0,40000.0,44000,17.00.51,Motor Vehicles,110000
1926385.0,1500000.0,1110900,17.00.52,Machinery & Equipment,1707369
746.0,700.0,700,17.00.53,Major Works - Charged,0
1687072.0,1534300.0,347500,,Voted,0
81357.0,65000.0,80000,17.00.60,Other Capital Expenditure,7000
,,,17.99,Information Technology,
124592.0,100000.0,105000,17.99.52,Machinery & Equipment,239731
3867751.0,3240000.0,1688100,,Total:Satish Dhawan Space Centre-SHAR,2064100
746.0,700.0,700,,Charged,0
3867005.0,3239300.0,1687400,,Voted,2064100
,,,18,"ISRO Telemetry, Tracking and Command Network",
0.0,1000.0,0,18.00.51,Motor Vehicles,9300
519794.0,797000.0,400000,18.00.52,Machinery & Equipment,652900
0.0,200.0,200,18.00.53,Major Works - Charged,0
149997.0,349800.0,64900,,Voted,0
0.0,0.0,0,18.00.60,Other Capital Expenditure,6000
,,,18.99,Information Technology,
28765.0,130000.0,107800,18.99.52,Machinery & Equipment,133200
698556.0,1278000.0,572900,,"Total:ISRO Telemetry, Tracking and Command Network",801400
0.0,200.0,200,,Charged,0
698556.0,1277800.0,572700,,Voted,801400
,,,20,Polar Satellite Launch Vehicle - Continuation Project,
500000.0,1000000.0,303700,20.00.52,Machinery & Equipment,300000
41718.0,1000.0,67300,20.00.53,Major Works,90000
5382651.0,5378500.0,2543500,20.00.60,Other Capital Expenditure,1510000
,,,20.99,Information Technology,
0.0,500.0,500,20.99.52,Machinery & Equipment,0
5924369.0,6380000.0,2915000,,Total:Polar Satellite Launch Vehicle - Continuation Project,1900000
,,,25,GSLV Continuation Project,
0.0,1000.0,0,25.00.52,Machinery & Equipment,0
7476.0,1000.0,0,25.00.53,Major Works,0
1342316.0,1378000.0,798300,25.00.60,Other Capital Expenditure,1391500
1349792.0,1380000.0,798300,,Total:GSLV Continuation Project,1391500
,,,31,Navigation Satellite System,
211025.0,10000.0,11000,31.00.52,Machinery & Equipment,1000
0.0,0.0,0,31.00.53,Major Works,0
1179722.0,1770000.0,663000,31.00.60,Other Capital Expenditure,1804700
1390747.0,1780000.0,674000,,Total:Navigation Satellite System,1805700
,,,35,Manned Mission Initiatives/Human Space Flight Programme (Gaganyaan),
0.0,2000.0,0,35.00.51,Motor Vehicles,2000
142800.0,595000.0,570000,35.00.52,Machinery & Equipment,2000000
250000.0,800000.0,340000,35.00.53,Major Works,41000000
9664159.0,10503000.0,6182000,35.00.60,Other Capital Expenditure,15935400
10056959.0,11900000.0,7092000,,Total:Manned Mission Initiatives/Human Space Flight Programme (Gaganyaan),18937400 
,,,37,Semi Cryogenic Engine Development,
976397.0,1300000.0,1157700,37.00.52,Machinery & Equipment,1830105
75188.0,20000.0,18300,37.00.53,Major Works,15000
587185.0,700000.0,420000,37.00.60,Other Capital Expenditure,1136657
1638770.0,2020000.0,1596000,,Total:Semi Cryogenic Engine Development,2981762
,,,42,Geo-Imaging Satellite,
13403.0,8000.0,161000,42.00.52,Machinery & Equipment,31000
353705.0,246000.0,57500,42.00.60,Other Capital Expenditure,3200
367108.0,254000.0,218500,,Total:Geo-Imaging Satellite,34200
,,,44,Cartosat-3,
224861.0,73000.0,73000,44.00.52,Machinery & Equipment,54300
0.0,0.0,0,44.00.53,Major Works,30000
737426.0,553000.0,607000,44.00.60,Other Capital Expenditure,265700
,,,44.99,Information Technology,
0.0,0.0,0,44.99.52,Machinery & Equipment,0
962287.0,626000.0,680000,,Total:Cartosat-3,350000
,,,46,RISAT-1A,
18908.0,25000.0,32600,46.00.52,Machinery & Equipment,5750
1019932.0,306000.0,939400,46.00.60,Other Capital Expenditure,75490
1038840.0,331000.0,972000,,Total:RISAT-1A,81240
,,,47,Oceansat-3 & 3A,
44925.0,70000.0,4300,47.00.52,Machinery & Equipment,3850
1495970.0,880000.0,392700,47.00.60,Other Capital Expenditure,178630
,,,47.99,Information Technology,
0.0,0.0,0,47.99.52,Machinery & Equipment,0
1540895.0,950000.0,397000,,Total:Oceansat-3 & 3A,182480
,,,48,ISRO Propulsion Complex,
27718.0,40000.0,6900,48.00.51,Motor Vehicles,55500
2100961.0,3219600.0,2514600,48.00.52,Machinery & Equipment,3262300
0.0,500.0,500,48.00.53,Major Works - Charged,0
400000.0,999500.0,212000,,Voted,0
0.0,100000.0,0,48.00.60,Other Capital Expenditure,0
,,,48.99,Information Technology,
0.0,0.0,1000,48.99.52,Machinery & Equipment,5000
2528679.0,4359600.0,2735000,,Total:ISRO Propulsion Complex,3322800
0.0,500.0,500,,Charged,0
2528679.0,4359100.0,2734500,,Voted,3322800
,,,49,Trisonic Wind Tunnel Facility Project,
981080.0,639000.0,639000,49.00.52,Machinery & Equipment,1239000
0.0,250000.0,250000,49.00.53,Major Works,250000
0.0,10000.0,10000,49.00.60,Other Capital Expenditure,10000
981080.0,899000.0,899000,,Total:Trisonic Wind Tunnel Facility Project,1499000
,,,51,Risat-1B,
7370.0,80000.0,8700,51.00.52,Machinery & Equipment,44534
257398.0,900000.0,414800,51.00.60,Other Capital Expenditure,1333861
264768.0,980000.0,423500,,Total:Risat-1B,4378395
,,,52,Realisation of Second Vehicle Assembly Building,
82807.0,100000.0,100000,52.00.52,Machinery & Equipment,0
82807.0,100000.0,100000,,Total:Realisation of Second Vehicle Assembly Building,0
,,,54,NASA ISRO Synthetic Aperture Radar Mission,
139744.0,220000.0,39500,54.00.52,Machinery & Equipment,18990
0.0,100.0,0,54.00.53,Major Works,100
684805.0,654900.0,789500,54.00.60,Other Capital Expenditure,1013170
,,,54.99,Information Technology,
0.0,0.0,0,54.99.52,Machinery & Equipment,1540
824549.0,875000.0,829000,,Total:NASA ISRO Synthetic Aperture Radar Mission,1033800
,,,55,Master Control Facility,
1768.0,1000.0,0,55.00.51,Motor Vehicles,3500
403345.0,476500.0,216900,55.00.52,Machinery & Equipment,602100
13965.0,200000.0,40800,55.00.53,Major Works,0
0.0,0.0,0,55.00.60,Other Capital Expenditure,0
,,,55.99,Information Technology,
96215.0,32500.0,35700,55.99.52,Machinery & Equipment,51000
515293.0,710000.0,293400,,Total:Master Control Facility,656600
,,,56,Indian Space Research Organisation Headquarters,
47852.0,1000.0,5500,56.00.51,Motor Vehicles,6000
282.0,500.0,500,56.00.52,Machinery & Equipment,500
294000,292000,83600,56.00.53,Major Works,0
0.0,500.0,500,,Charged,0
294000.0,291500.0,83100,,Voted,0
0.0,1500.0,100,56.00.60,Other Capital Expenditure,9100
,,,56.99,Information Technology,
30327.0,80000.0,86700,56.99.52,Machinery & Equipment,63200
372461.0,375000.0,176400,,Total:Indian Space Research Organisation Headquarters,78800
0.0,500.0,500,,Charged,0
372461.0,374500.0,175900,,Voted,78800
,,,57,Resourcesat-3S & 3SA,
36592.0,60000.0,3000,57.00.52,Machinery & Equipment,22070
864934.0,799500.0,489600,57.00.60,Other Capital Expenditure,511930
,,,57.99,Information Technology,
0.0,500.0,0,57.99.52,Machinery & Equipment,0
901526.0,860000.0,492600,,Total:Resourcesat-3S & 3SA,534000
,,,58,Resourcesat-3 & 3A,
14351.0,40000.0,18000,58.00.52,Machinery & Equipment,4000
569799.0,810000.0,368000,58.00.60,Other Capital Expenditure,533700
584150.0,850000.0,386000,,Total:Resourcesat-3 & 3A,537700
,,,5402,Capital Outlay on Space Research,
,,,00.101,Space Technology,
,,,59,High Resoulution Satellite Constellation,
42175.0,90000.0,7600,59.00.52,Machinery & Equipment,29402
685530.0,710000.0,306800,59.00.60,Other Capital Expenditure,399198
727705.0,800000.0,314400,,Total:High Resoulution Satellite Constellation,428600
,,,60,Solid Propellant Space Booster Plant,
1176592.0,200000.0,270000,60.00.52,Machinery & Equipment,450000
649971.0,600000.0,230000,60.00.53,Major Works,350000
1826563.0,800000.0,500000,,Total:Solid Propellant Space Booster Plant,800000
,,,62,Semi Cryogenic Stage Development,
80186.0,350000.0,144500,62.00.52,Machinery & Equipment,855311
90000.0,300000.0,85500,62.00.53,Major Works,130000
171593.0,200000.0,320000,62.00.60,Other Capital Expenditure,1014689
341779.0,850000.0,550000,,Total:Semi Cryogenic Stage Development,2000000
,,,63,Semi Cryogenic Engine Clustering,
0.0,0.0,0,63.00.52,Machinery & Equipment,0
0.0,0.0,0,63.00.60,Other Capital Expenditure,0
0.0,0.0,0,,Total:Semi Cryogenic Engine Clustering,0
,,,64,Advanced Launch Vehicle Development,
0.0,0.0,0,64.00.52,Machinery & Equipment,0
0.0,0.0,0,64.00.60,Other Capital Expenditure,0
0.0,0.0,0,,Total:Advanced Launch Vehicle Development,0
,,,5402,Capital Outlay on Space Research,
,,,00.101,Space Technology,
,,,65,PSLV Continuation Programme (Phase-6),
0.0,1000.0,0,65.00.51,Motor Vehicles,20000
0.0,150000.0,55000,65.00.52,Machinery & Equipment,50000
0.0,0.0,0,65.00.53,Major Works,0
1844999.0,2004000.0,944400,65.00.60,Other Capital Expenditure,4926370
,,,65.99,Information Technology,
0.0,500.0,0,65.99.52,Machinery & Equipment,500
1844999.0,2155500.0,999400,,Total:PSLV Continuation Programme (Phase-6),4996870
,,,66,GSLV Mk-III Continuation Programme (Phase-1),
9996.0,100000.0,120000,66.00.52,Machinery & Equipment,50000
0.0,0.0,0,66.00.53,Major Works,0
1219504.0,2170000.0,2165000,66.00.60,Other Capital Expenditure,2432500
1229500.0,2270000.0,2285000,,Total:GSLV Mk-III Continuation Programme (Phase-1),2482500
,,,67,Reusable Launch Vehicle Orbital Re-entry Experiment,
2603.0,250000.0,3500,67.00.52,Machinery & Equipment,13500
105000.0,97500.0,76600,67.00.60,Other Capital Expenditure,383500
107603.0,347500.0,80100,,Total:Reusable Launch Vehicle Orbital Re-entry Experiment,397000
,,,68,PSLV Integration Facility,
329964.0,400000.0,330000,68.00.52,Machinery & Equipment,400000
850000.0,700000.0,270000,68.00.53,Major Works,400000
1179964.0,1100000.0,600000,,Total:PSLV Integration Facility,800000
,,,69,Small Satellite Launch Vehicle Development,
169700.0,15900.0,37200,69.00.52,Machinery & Equipment,0
362120.0,378500.0,457200,69.00.60,Other Capital Expenditure,481200
531820.0,394400.0,494400,,Total:Small Satellite Launch Vehicle Development,481200
,,,70,U R Rao Satellite Centre,
40502.0,30000.0,3500,70.00.51,Motor Vehicles,45000
1667182.0,1440000.0,1010000,70.00.52,Machinery & Equipment,1466400
0.0,100.0,100,70.00.53,Major Works - Charged,0
1049770.0,1499900.0,311400,,Voted,0
66928.0,40000.0,110000,70.00.60,Other Capital Expenditure,195700
,,,70.99,Information Technology,
185495.0,140000.0,22400,70.99.52,Machinery & Equipment,177000
3009877.0,3150000.0,1457400,,Total:U R Rao Satellite Centre,1884100
0.0,100.0,100,,Charged,0
3009877.0,3149900.0,1457300,,Voted,1884100
,,,71,Earth Observation Follow-on Satellites,
0.0,0.0,0,71.00.51,Motor Vehicles,0
0.0,0.0,0,71.00.52,Machinery & Equipment,0
0.0,0.0,0,71.00.53,Major Works,0
0.0,0.0,0,71.00.60,Other Capital Expenditure,0
0.0,0.0,0,,Total:Earth Observation Follow-on Satellites,0
,,,72,GSLV Continuation Programme (Phase 4),
0.0,0.0,0,72.00.51,Motor Vehicles,0
0.0,0.0,0,72.00.52,Machinery & Equipment,0
0.0,0.0,0,72.00.53,Major Works,0
70000.0,566500.0,250000,72.00.60,Other Capital Expenditure,490000
70000.0,566500.0,250000,,Total:GSLV Continuation Programme (Phase 4),490000
,,,73,Network for Space Objects Tracking and Analysis,
0.0,209000.0,4000,73.00.52,Machinery & Equipment,740000
199995.0,90000.0,63000,73.00.53,Major Works,50000
,,,73.99,Information Technology,
0.0,50000.0,41800,73.99.52,Machinery & Equipment,200000
199995.0,349000.0,108800,,Total:Network for Space Objects Tracking and Analysis,990000
,,,74,Launch Pad for SSLV,
0.0,0.0,0,74.00.51,Motor Vehicles,0
0.0,10000.0,0,74.00.52,Machinery & Equipment,220000
553441.0,990000.0,58400,74.00.53,Major Works,950000
0.0,0.0,0,74.00.60,Other Capital Expenditure,0
553444.0,1000000.0,58400,,Total:Launch Pad for SSLV,1170000
,,,75,Human Spaceflight Centre,
1500.0,1000.0,0,75.00.51,Motor Vehicles,100
12000.0,45000.0,19500,75.00.52,Machinery & Equipment,34500
28043.0,150000.0,4900,75.00.53,Major Works,0
0.0,3000.0,3000,75.00.60,Other Capital Expenditure,7000
,,,75.99,Information Technology,
49657.0,17000.0,30000,75.99.52,Machinery & Equipment,20500
91200.0,216000.0,57400,,Total:Human Spaceflight Centre,62100
,,,76,Development and Supply of Aluminium Alloy Tankages  Pre-investment,
0.0,1000000.0,0,76.00.60,Other Capital Expenditure,10000
0.0,1000000.0,0,,Total:Development and Supply of Aluminium Alloy Tankages  Pre-investment,10000
,,,77,Scatsat - II,
0.0,0.0,0,77.00.52,Machinery & Equipment,0
0.0,0.0,0,77.00.60,Other Capital Expenditure,0
0.0,0.0,0,,Total:Scatsat - II,0
,,,78,Hyper Spectral Imager - II,
0.0,0.0,0,78.00.52,Machinery & Equipment,0
0.0,0.0,0,78.00.60,Other Capital Expenditure,0
0.0,0.0,0,,Total:Hyper Spectral Imager - II,0
,,,79,Capacity Building Programmes,
0.0,0.0,0,79.00.51,Motor Vehicles,0
0.0,0.0,0,,Total:Capacity Building Programmes,0
,,,80,General Civil Works at ISRO Centres,
0.0,0.0,0,80.00.53,Major Works -  Charged,4000
0.0,0.0,0,,Voted,3508000
0.0,0.0,0,,Total:General Civil Works at ISRO Centres,3512000
53762178.0,63691500.0,35509100,,Total:Space Technology,66493100
746.0,3000.0,3000,,Charged,4000
53761432.0,63688500.0,35506100,,Voted,66489100
,,,5402,Capital Outlay on Space Research,
,,,00.102,Space Applications,
,,,01,Space Applications Centre,
5990.0,50000.0,3600,01.00.51,Motor Vehicles,3000
4387540.0,4265000.0,1450000,01.00.52,Machinery & Equipment,2400000
0.0,500.0,500,01.00.53,Major Works - Charged,0
869993.0,359500.0,283500,,Voted,0
159963.0,135000.0,80000,01.00.60,Other Capital Expenditure,100000
,,,01.99,Information Technology,
438299.0,500000.0,174900,01.99.52,Machinery & Equipment,590000
5861785.0,5310000.0,1992500,,Total:Space Applications Centre,3093000
0.0,500.0,500,,Charged,0
5861785.0,5309500.0,1992000,,Voted,3093000
,,,02,Development & Educational Communication Unit,
0.0,0.0,0,02.00.51,Motor Vehicles,0
5000.0,15000.0,6600,02.00.52,Machinery & Equipment,17400
5000.0,15000.0,6600,,Total:Development & Educational Communication Unit,17400
,,,06,Disaster Management Support,
68997.0,105000.0,73000,06.00.52,Machinery & Equipment,75200
0.0,0.0,0,06.00.53,Major Works,0
,,,06.99,Information Technology,
3125.0,10000.0,8500,06.99.52,Machinery & Equipment,38100
72122.0,115000.0,81500,,Total:Disaster Management Support,113300
,,,5402,Capital Outlay on Space Research,
,,,00.102,Space Applications,
,,,07,National Remote Sensing Centre,
0.0,1000.0,400,07.00.51,Motor Vehicles,100
351700.0,443000.0,176000,07.00.52,Machinery & Equipment,215010
0.0,500.0,500,07.00.53,Major Works- Charged,0
149921.0,229500.0,52500,,Voted,0
264000.0,270000.0,69500,07.00.60,Other Capital Expenditure,174400
,,,07.99,Information Technology,
240294.0,350000.0,160000,07.99.52,Machinery & Equipment,374685
1005915.0,1294000.0,458900,,Total:National Remote Sensing Centre,764195
0.0,500.0,500,,Charged,0
1005915.0,1293500.0,458400,,Voted,764195
,,,08,Indian Institute of Remote Sensing,
0.0,900.0,0,08.00.51,Motor Vehicles,1800
65600.0,50000.0,11748,08.00.52,Machinery & Equipment,18100
169991.0,120000.0,66000,08.00.53,Major Works,0
0.0,1000.0,0,08.00.60,Other Capital Expenditure,1100
,,,08.99,Information Technology,
19996.0,20000.0,9252,08.99.52,Machinery & Equipment,11405
255587.0,191900.0,86000,,Total:Indian Institute of Remote Sensing,32405
7200409.0,6925900.0,2625500,,Total:Space Applications,4020300
0.0,1000.0,1000,,Charged,0
7200409.0,6924900.0,2624500,,Voted,4020300
,,,5402,Capital Outlay on Space Research,
,,,00.103,Space Sciences,
,,,03,Indian Lunar Mission - Chandrayaan - 1 & 2,
9915.0,0.0,0,03.00.52,Machinery & Equipment,0
414029.0,83000.0,297600,03.00.60,Other Capital Expenditure,0
423944.0,83000.0,297600,,Total:Indian Lunar Mission - Chandrayaan - 1 & 2,0
,,,06,Small Satellites for Atmospheric Studies & Astronomy,
0.0,11000.0,0,06.00.60,Other Capital Expenditure,15000
0.0,11000.0,0,,Total:Small Satellites for Atmospheric Studies & Astronomy,15000
,,,07,ADITYA,
143068.0,28000.0,58900,07.00.52,Machinery & Equipment,19800
721723.0,522000.0,379700,07.00.60,Other Capital Expenditure,244490
864791.0,550000.0,438600,,Total:ADITYA,264290
,,,10,Climate & Atmospheric Programme,
16966.0,60000.0,9100,10.00.52,Machinery & Equipment,47870
0.0,0.0,0,10.00.60,Other Capital Expenditure,0
,,,10.99,Information Technology,
0.0,0.0,0,10.99.52,Machinery & Equipment,0
16966.0,60000.0,9100,,Total:Climate & Atmospheric Programme,47870
,,,11,X-RAY Polarimeter Satellite,
9992.0,15000.0,0,11.00.52,Machinery & Equipment,4000
186797.0,165000.0,51800,11.00.60,Other Capital Expenditure,45090
,,,11.99,Information Technology,
0.0,5000.0,0,11.99.52,Machinery & Equipment,4500
196789.0,185000.0,51800,,Total:X-RAY Polarimeter Satellite,53590
,,,12,Space Docking Experiment Mission,
54921.0,37000.0,19000,12.00.52,Machinery & Equipment,24350
187439.0,303000.0,129900,12.00.60,Other Capital Expenditure,258200
242360.0,340000.0,148900,,Total:Space Docking Experiment Mission,282550
,,,13,Mission to Venus,
0.0,500.0,0,13.00.52,Machinery & Equipment,0
0.0,400.0,0,13.00.60,Other Capital Expenditure,0
0.0,900.0,0,,Total:Mission to Venus,0
,,,14,Mars Orbiter Mission - II,
0.0,0.0,0,14.00.52,Machinery & Equipment,0
0.0,0.0,0,14.00.60,Other Capital Expenditure,0
0.0,0.0,0,,Total:Mars Orbiter Mission - II,0
,,,15,Sensor Payload Development/Planetary Science Programme,
,,,15.99,Information Technology,
0.0,0.0,0,15.99.52,Machinery & Equipment,0
0,0,0,,Total:Sensor Payload Development/Planetary Science Programme,0
,,,16,AtmSat,
0.0,0.0,0,16.00.52,Machinery & Equipment,0
0.0,0.0,0,16.00.60,Other Capital Expenditure,0
0.0,0.0,0,,Total:AtmSat,0
,,,17,ExoWorlds,
0.0,0.0,0,17.00.52,Machinery & Equipment,0
0.0,0.0,0,17.00.60,Other Capital Expenditure,0
0.0,0.0,0,,Total:ExoWorlds,0
,,,18,Chandrayaan-III,
0.0,100000.0,17700,18.00.52,Machinery & Equipment,24470
0.0,0.0,35000,18.00.53,Major Works,5000
0.0,390000.0,524100,18.00.60,Other Capital Expenditure,978630
0.0,490000.0,576800,,Total:Chandrayaan-III,1008100
1744850.0,1719900.0,1522800,,Total:Space Sciences,1671400
,,,5402,Capital Outlay on Space Research,
,,,00.105,INSAT Satellite System,
,,,01,INSAT-3 Satellites,
0.0,0.0,0,01.00.52,Machinery & Equipment,0
14496.0,8000.0,10000,01.00.60,Other Capital Expenditure,10000
14496.0,8000.0,10000,,Total:INSAT-3 Satellites,10000
,,,12,GSAT-20 Satellite,
1017689.0,400000.0,1319100,12.00.52,Machinery & Equipment,224000
1500096.0,490000.0,409800,12.00.60,Other Capital Expenditure,270100
2517785.0,890000.0,1728900,,Total:GSAT-20 Satellite,494100
,,,13,GSAT 30/31 Communication Spacecrafts - Launch Services,
0.0,0.0,0,13.00.52,Machinery & Equipment,0
1164779.0,10000.0,2500,13.00.60,Other Capital Expenditure,0
4164779.0,40000.0,9500,,Total:GSAT 30/31 Communication Spacecrafts - Launch Services,0
,,,15,Procurement of Heavier class Satellites,
0.0,0.0,0,15.00.60,Other Capital Expenditure,0
0.0,0.0,0,,Total:Procurement of Heavier class Satellites,0
,,,16,Advanced Communication Satellite (GSAT-11) including launch services,
0.0,0.0,0,16.00.52,Machinery & Equipment,0
17423.0,0.0,0,16.00.60,Other Capital Expenditure,0
17423.0,0.0,0,,Total:Advanced Communication Satellite (GSAT-11) including launch services,0
,,,17,GSAT-21 Satellite,
0.0,0.0,0,17.00.52,Machinery & Equipment,0
0.0,0.0,0,17.00.60,Other Capital Expenditure,0
0.0,0.0,0,,Total:GSAT-21 Satellite,0
,,,18,GSAT-22/23/24 Satellites,
6709.0,30000.0,1000,18.00.52,Machinery & Equipment,1000
1678034.0,1000000.0,928900,18.00.60,Other Capital Expenditure,438900
1684743.0,1030000.0,929900,,Total:GSAT-22/23/24 Satellites,439900
,,,5402,Capital Outlay on Space Research,
,,,00.105,INSAT Satellite System,
,,,19,Augmentation of capacity through leasing of transponders from foreign satellites,
0.0,0.0,0,19.00.60,Other Capital Expenditure,0
0.0,0.0,0,,Total:Augmentation of capacity through leasing of transponders from foreign satellites,0
,,,20,GSAT-25 & 28 Satellites,
,,,20.00.52,Machinery & Equipment,0
0.0,0.0,0,20.00.60,Other Capital Expenditure,0
0.0,0.0,0,,Total:GSAT-25 & 28 Satellites,0
,,,21,GSAT-26 & 27 Satellites,
0.0,0.0,0,21.00.52,Machinery & Equipment,0
0.0,0.0,0,21.00.60,Other Capital Expenditure,0
0.0,0.0,0,,Total:GSAT-26 & 27 Satellites,0
,,,22,GSAT-29 Satellite,
43572.0,0.0,50000,22.00.52,Machinery & Equipment,0
228963.0,110000.0,0,22.00.60,Other Capital Expenditure,0
272535.0,110000.0,50000,,Total:GSAT-29 Satellite,0
,,,23,GSAT-30/31/32 Satellites,
3774.0,90000.0,0,23.00.52,Machinery & Equipment,0
1924199.0,810000.0,860000,23.00.60,Other Capital Expenditure,300000
1927973.0,900000.0,860000,,Total:GSAT-30/31/32 Satellites,200000
,,,5402,Capital Outlay on Space Research,
,,,00.105,INSAT Satellite System,
,,,26,Indian Data Relay Satellite Series,
0.0,70000.0,0,26.00.52,Machinery & Equipment,11000
398897.0,980000.0,1114000,26.00.60,Other Capital Expenditure,1297300
398897.0,4050000.0,1114000,,Total:Indian Data Relay Satellite Series,1308300
,,,27,GSAT Future Missions including Launch Services/GSAT 12R,
10954.0,30000.0,9600,27.00.52,Machinery & Equipment,4500
477403.0,770000.0,840000,27.00.60,Other Capital Expenditure,190000
488357.0,800000.0,849600,,Total:GSAT Future Missions including Launch Services/GSAT 12R,194500
,,,28,GSAT 20/24 Launch Services,
0.0,9900.0,0,28.00.60,Other Capital Expenditure,0
0.0,9900.0,0,,Total:GSAT 20/24 Launch Services,0
,,,29,GSAT New Missions incl. Launch Services,
0.0,0.0,0,29.00.52,Machinery & Equipment,0
0.0,0.0,0,29.00.60,Other Capital Expenditure,0
0.0,0.0,0,,Total:GSAT New Missions incl. Launch Services,0
8486988.0,4807900.0,5544900,,Total:INSAT Satellite System,2746800
,,,5402,Capital Outlay on Space Research,
,,,00.283,Housing,
,,,01,Vikram Sarabhai Space Centre,
189945.0,100000.0,60000,01.00.53,Major Works,0
189945.0,100000.0,60000,,Total:Vikram Sarabhai Space Centre,0
,,,02,Liquid Propulsion Systems Centre,
9630.0,40000.0,17600,02.00.53,Major Works,0
9630.0,40000.0,17600,,Total:Liquid Propulsion Systems Centre,0
,,,03,Satish Dnawan Space Centre-SHAR,
30157.0,120000.0,14000,03.00.53,Major Works,0
30157.0,120000.0,14000,,Total:Satish Dnawan Space Centre-SHAR,0
,,,04,"ISRO Telemetry, Tracking and Command Network",
0.0,2000.0,1500,04.00.53,Major Works,0
0.0,2000.0,1500,,"Total:ISRO Telemetry, Tracking and Command Network",0
,,,05,Space Applications Centre,
29976.0,140000.0,21500,05.00.53,Major Works,0
29976.0,140000.0,21500,,Total:Space Applications Centre,0
,,,09,National Remote Sensing Centre,
19151.0,56000.0,4200,09.00.53,Major Works,0
19151.0,56000.0,4200,,Total:National Remote Sensing Centre,0
,,,10,Indian Institute of Remote Sensing,
0.0,100.0,0,10.00.53,Major Works,0
0.0,100.0,0,,Total:Indian Institute of Remote Sensing,0
,,,11,ISRO Propulsion Complex,
0.0,400.0,5400,11.00.53,Major Works,0
0.0,400.0,5400,,Total:ISRO Propulsion Complex,0
,,,12,Master Control Facility,
128800.0,100000.0,66600,12.00.53,Major Works,0
128800.0,100000.0,66600,,Total:Master Control Facility,0
,,,13,Indian Space Research Organisation Headquarters,
120000.0,48000.0,60100,13.00.53,Major Works,0
120000.0,48000.0,60100,,Total:Indian Space Research Organisation Headquarters,0
,,,15,Human Spaceflight Centre,
0.0,1000.0,0,15.00.53,Major Works,0
0.0,1000.0,0,,Total:Human Spaceflight Centre,0
,,,16,Housing Works at ISRO Centres,
0.0,0.0,0,16.00.53,Major Works,354700
0.0,0.0,0,,Total:Housing Works at ISRO Centres,354700
527659.0,607500.0,250900,,Total:Housing,354700
,,,00.190,Investments in Public Sector and Other Undertakings,
,,,01,Antrix Corporation Limited,
0.0,0.0,0,01.00.54,Investment,0
0.0,0.0,0,,Total:Antrix Corporation Limited,0
,,,02,NewSpace India Limited,
100000.0,0.0,0,02.00.54,Investment,7000000
100000.0,0.0,0,,Total:NewSpace India Limited,7000000
100000.0,,,,Total:Investments in Public Sector and Other Undertakings,7000000
71822084.0,77752700.0,45453200,,Total:Major Head '5402',82286300
746.0,4000.0,4000,,Charged,4000
71821338.0,77748700.0,45449200,,Voted,82282300
71822084.0,77752700.0,45453200,,Total:Capital Section,82286300
746.0,4000.0,4000,,Charged,4000
71821338.0,77748700.0,45449200,,Voted,82282300
130332917.0,134794700.0,95000000,,GRAND TOTAL,139490900
6746.0,10000.0,10000,,Charged,10000
130326171.0,134784700.0,94990000,,Voted,139480900
